;score;beta_final;sigma_final;gamma_final;hp_final;hcr_final;pc_final;pd_final;pcr_final;s_final;t_final;beta_init;sigma_init;gamma_init;hp_init;hcr_init;pc_init;pd_init;pcr_init;s_init;t_init;w1;w2;w3;w4;w5;vw1;vw2;vw3;vw4;vw5;smoothing;optimizer;step_sizee;I_0
0;912.5303981926185;0.5413323334981704;0.21544453953080547;0.2356805144443187;0.02655731679492071;0.1925171461600744;0.06550371161733523;0.04719456446405699;0.2904529787995676;0.7354845253328505;0.7983539096216293;0.5189399680266459;0.20249087063283727;0.18058686772468927;0.20738864172285149;0.11711844627757485;0.11870605700513978;0.07147928299337071;0.2563962183603157;0.7784336008452656;0.7586722298409365;1;1;1;1;1;3.3185385638742684;2.9990658150044096;1.3847804275943862;3.8105171028503664;1.8901014428411345;False;LBFGSB;None;1.855287569573284
1;936.7214640714552;0.5377274428123111;0.2192250255350469;0.23932315658396244;0.0226862396258683;0.07517899689231873;0.06926123964363957;0.05383522339135375;0.3787463533630587;0.7199938886929852;0.9816386947633512;0.6037112610478067;0.2324699673877381;0.1278686809639753;0.3740109562158091;0.14848039180564673;0.2460490423462557;0.07580308355406147;0.1899976504493316;0.7051369268555814;0.6118218912832536;1;1;1;1;1;3.13992969638803;2.0404209499742496;1.8641966214781536;1.1951409296062447;1.8134027068795533;False;LBFGSB;None;1.855287569573284
2;937.4457076802304;0.5511716174190262;0.21486649455307005;0.2350586846954757;0.03294526986451878;0.18235159778027785;0.05922419724019819;0.05764949090871161;0.2903761253929771;0.7566872431117809;0.9885027421764668;0.40027583134099787;0.939149258699106;0.2372541021250461;0.302042436359609;0.30261403068489684;0.12060615252746212;0.057534418170452996;0.18708620787157115;0.7060765469625339;0.8350394099578289;1;1;1;1;1;3.956132196857293;1.7289502172192868;1.883827276213856;2.8624213120645274;1.7426064569679025;False;LBFGSB;None;1.855287569573284
3;937.4596298336372;0.4961639153111205;0.3042967197595769;0.2385240842074192;0.02521253992664241;0.1787360724867439;0.0314516578108781;0.08140563000363846;0.07802691015966469;0.7430641551509629;0.7763154932675529;0.2732959754926399;0.36987176683506295;0.19882747263175649;0.02778657796120929;0.2069386403849733;0.04303301601446907;0.17984419267096607;0.06535227673297822;0.7652196473583552;0.8371060125094796;1;1;1;1;1;3.1480106955012728;2.9311173434898454;1.6469902177201472;1.6307982424385123;2.00239781538008;False;LBFGSB;None;1.855287569573284
4;939.2437433067537;0.5204277549404063;0.2312682306011629;0.2370220980065077;0.016869729898439278;0.16200196214630075;0.04398666223777646;0.03732275345638345;0.09305775812246392;0.7750635487322379;0.5284647623296154;0.6417980189832345;0.8665671802354421;0.21242975955029894;0.19543321057753285;0.04054038314276668;0.02568783667058564;0.2940694724036357;0.09611514219153157;0.7321006932004015;0.7708261497993514;1;1;1;1;1;2.9319502087953677;3.2431063344042785;3.720807532957605;2.966384930528932;1.3518143407606025;False;LBFGSB;None;1.855287569573284
5;944.7180762794792;0.5347334290585115;0.2270488318669133;0.23735480728212985;0.02472692591407956;0.1676655230376858;0.016101346004708382;0.4335714338778133;0.2444786208319799;0.7360532900947759;0.9327236389618128;0.6508972293066522;0.31790293275108195;0.1775185795947889;0.01706454031377673;0.04958756181674305;0.21114872866003426;0.4077887327814889;0.1502935706558894;0.7004875143855535;0.8990419244028891;1;1;1;1;1;3.482525310609275;3.1130066238936016;2.6559195327537903;1.7064158033420624;2.661326726788838;False;LBFGSB;None;1.855287569573284
6;951.3336291898773;0.4519871604717894;0.4553596073033952;0.2281192208569716;0.02696282848131137;0.1789100504106303;0.025418195200730426;0.1460511654951928;0.12072964091523353;0.7658899638622935;0.8694850630907345;0.19100578810336735;0.5868214303501871;0.1515590715263326;0.18786467338201676;0.1473972639319441;0.01983546594683056;0.08625196400866557;0.07785070199052925;0.8015940313723594;0.9536836301155048;1;1;1;1;1;3.9065614612770823;2.4106710052916207;2.696218104984243;2.741879662230757;2.6753978820224313;False;LBFGSB;None;1.855287569573284
7;951.3336291898773;0.4519871604717894;0.4553596073033952;0.2281192208569716;0.02696282848131137;0.1789100504106303;0.025418195200730426;0.1460511654951928;0.12072964091523353;0.7658899638622935;0.8694850630907345;0.19100578810336735;0.5868214303501871;0.1515590715263326;0.18786467338201676;0.1473972639319441;0.01983546594683056;0.08625196400866557;0.07785070199052925;0.8015940313723594;0.9536836301155048;1;1;1;1;1;3.9065614612770823;2.4106710052916207;2.696218104984243;2.741879662230757;2.6753978820224313;False;LBFGSB;None;1.855287569573284
8;952.546762151356;0.4582114383996997;0.40673515275409583;0.2383880851108426;0.01522864698925494;0.033809636134400585;0.052899235955020836;0.11415004795645332;0.3494594565507832;0.7990117269874255;0.743309183435495;0.14360398577762426;0.6131889056814541;0.19925575506822799;0.036236521969612835;0.03363558017514478;0.10260168389958264;0.2660870667353453;0.3027249080679009;0.792799555527789;0.540579694806018;1;1;1;1;1;3.8901709382803897;3.4046955373888927;2.134206260368832;2.128053161919045;3.166694172459203;False;LBFGSB;None;1.855287569573284
9;964.9958751156638;0.4355172704663883;0.4142569499276708;0.22238754536512625;0.012576847044086108;0.0334515960742437;0.02213452079101681;0.1341679360974158;0.04911209893533247;0.7988784976913157;0.8884358094756538;0.44881652085094303;0.7087634050982115;0.13681862600126793;0.1124121732495682;0.3173565639860012;0.17066322984885346;0.28162098576160804;0.36746563107620256;0.7620409770268283;0.9861731377168595;1;1;1;1;1;3.3427544217297243;3.895266402508157;2.8668216224580565;2.801699813489418;2.7448327755342;False;LBFGSB;None;1.855287569573284
10;968.9997503132823;0.4485930464738699;0.468180863329277;0.23866030336237395;0.017642619298897003;0.0571976858220589;0.025982424227779414;0.2143334514574592;0.2576431758172636;0.7194872522141875;0.9825156851700292;0.2770638326925013;0.5050578579731861;0.12075723422251965;0.42784326456133337;0.07765885187025202;0.2694770611618375;0.0711460388039081;0.2308792201724941;0.7514477316392616;0.9540551016615176;1;1;1;1;1;3.9421491697090376;2.9647138554804178;1.6139867135538246;3.1464667256913565;1.1892400240080077;False;LBFGSB;None;1.855287569573284
11;970.7119350904088;0.5375447289373693;0.21223156831441084;0.23627311088786696;0.017979336184660667;0.08780965884292752;0.030745275443473486;0.2927518154456052;0.39966662059243796;0.7929266607871966;0.8950960567006008;0.4716079759751096;0.29118311155473164;0.2376865552548429;0.188928678783434;0.07766152971477082;0.1591218627252036;0.2829378819584693;0.37902025720425936;0.7720131353071373;0.8717338970872373;1;1;1;1;1;3.202491035096048;2.645507870086313;1.8596269776671772;1.074306796351444;1.6531762357438782;False;LBFGSB;None;1.855287569573284
12;971.5973916203619;0.5330779666159328;0.2220962581388776;0.2374444998025187;0.02278813812645266;0.1548815479402335;0.029426706770787882;0.20095522798252832;0.3441164111780249;0.7193042977623403;0.8475276905885478;0.197287988452584;0.7028297530986405;0.1600423611669334;0.3570539251072751;0.12320785386260677;0.1865598295225279;0.41753674058278223;0.3641249386356102;0.8460557133301515;0.9013050809689918;1;1;1;1;1;2.6006749030903933;1.9543156616210755;1.751387862745856;3.7281449339263055;1.1150074020807716;False;LBFGSB;None;1.855287569573284
13;974.6655030786236;0.480554428501644;0.2434143851130905;0.20834651740419075;0.021302537423840924;0.12828207984149415;0.025096817578138957;0.2716470624899512;0.1336651484311728;0.7674782270709726;0.9634217018515024;0.4445847346732607;0.7574225885497372;0.1748112090032803;0.10927725413831947;0.1709212374168595;0.09475987235435146;0.2352744742256242;0.09850168561323844;0.7795446942521439;0.9183529291576016;1;1;1;1;1;2.9427556899078535;3.255666992640416;1.3887500358963607;2.6886865336479695;3.558360353436882;False;LBFGSB;None;1.855287569573284
14;980.8035201240276;0.4948474570584314;0.2183025275165583;0.21075798711806315;0.019315344992329536;0.17332137331881287;0.05479190629999443;0.11710589585950636;0.3960403373770274;0.7330306751539152;0.6869018500120894;0.12965760184853048;0.4727251632688484;0.185871312843173;0.17346484674933108;0.3075096374784685;0.2467683342732826;0.1433209169046057;0.3914540911406582;0.7712980055103481;0.54719614221219;1;1;1;1;1;1.9010874295643467;2.9270434369478333;1.8940445366437344;1.0592475224033866;1.2647231169453423;False;LBFGSB;None;1.855287569573284
15;981.8682882678768;0.4888643864016987;0.21257140100643174;0.20349686684403145;0.016736448341342868;0.13851749140515066;0.08377264899108136;0.042072443245171946;0.39999932992329296;0.7575710190222733;0.6238074779538441;0.3192413775183546;0.9811411041997188;0.24805108602191775;0.0019104693571170112;0.10978365909950127;0.39883275297573545;0.07631050125010562;0.2641029792765967;0.837665939973023;0.5993994878319611;1;1;1;1;1;3.079461671828497;1.1665097576606334;1.7631095796556329;1.9081010136422865;1.0121178435162284;False;LBFGSB;None;1.855287569573284
16;982.6613904314728;0.4458362768864352;0.4640641977221314;0.2246119857005528;0.02683499862669881;0.1989336218276245;0.03557807524029548;0.10833656579146513;0.16407017910251478;0.781139356331763;0.814290671827092;0.3110830283089821;0.6468842851098573;0.2399188288702708;0.2369215793570669;0.2471953926434617;0.021082629830926302;0.055000248397279836;0.20969159080294186;0.8168335140224062;0.9172006066653812;1;1;1;1;1;3.1002201472755697;3.3237494483527428;1.6534748389957912;1.23165518335123;3.7847691576056697;False;LBFGSB;None;1.855287569573284
17;982.7615720627887;0.4931234268622977;0.23446993784965556;0.22594404326555806;0.011243123831739206;0.032097463514180406;0.012422093609156146;0.5;0.12296239974277445;0.7235274354837894;0.8722364792329275;0.27741644478633465;0.5070333013237671;0.1163685260357897;0.2558389639393785;0.09826678451481363;0.1880915028128438;0.4502944700238346;0.1166783249577967;0.7388914964535845;0.8584562777123073;1;1;1;1;1;2.397298040883535;3.973006584253815;3.9607395202609266;2.745991111807688;2.775779795586597;False;LBFGSB;None;1.855287569573284
18;985.8146132213593;0.5040231121408341;0.2560414866130643;0.2329771479250421;0.017985802983297636;0.18751245932198413;0.030997670803066063;0.10350789996180232;0.1626548250027705;0.7363325251469834;0.6608798064743241;0.3975688153710933;0.2464981821982369;0.2236064774655664;0.12220646369355848;0.2029232663423154;0.012066641240931996;0.11682633444303213;0.15470410791398378;0.7453364822304677;0.6669329921161851;1;1;1;1;1;2.3884257529983093;1.4719612729084766;2.401672933159888;2.9560585087789577;2.5026514710357537;False;LBFGSB;None;1.855287569573284
19;985.922098302532;0.38078537709261545;0.4349643530457814;0.18457393504746847;0.007594477716826437;0.027959162400659557;0.02280559784128401;0.03746471780348196;0.01;0.7886221019611328;0.5590280980437918;0.24435169046267585;0.6230054205902654;0.1910135248198604;0.03435041997817586;0.023851275223559548;0.09473591403425777;0.07138432249326625;0.15267636158894252;0.8181334528355649;0.6650589792173155;1;1;1;1;1;3.668095546916184;3.0657182640594978;1.3478741407063195;1.2978181450927748;1.0483820640203358;False;LBFGSB;None;1.855287569573284
20;986.4372836002198;0.4373226744021718;0.6419942947500594;0.23858929473548626;0.02469718328935858;0.1928557977115629;0.044430947594158235;0.1052313286917024;0.2986196317855391;0.766136634474501;0.6277309735072387;0.29684998002691343;0.7810947848943168;0.19125272730169385;0.024478807206948762;0.23514689950368636;0.01699997050756849;0.05372636796191885;0.37260038886939795;0.8121178513589586;0.6609687175897646;1;1;1;1;1;3.8799095190529815;3.5530784298376945;1.2635017952481729;2.202863507220966;2.2833706689163207;False;LBFGSB;None;1.855287569573284
21;995.8016745460933;0.5211355457414083;0.23019112782210716;0.23906445818722055;0.01500676029535916;0.12534066382892306;0.016408257324651808;0.057250219129637875;0.044990959175406894;0.7251485511354607;0.5264339105896114;0.8346795872337247;0.24370490764020997;0.13607873046727167;0.2439647649766103;0.06120294867394701;0.3079825065402984;0.36043614930528384;0.1920916604088954;0.7708893444542959;0.7409499163459736;1;1;1;1;1;2.3892245632082467;2.1763484220329925;3.7044862696024574;3.6675785182153637;1.9394377576762636;False;LBFGSB;None;1.855287569573284
22;997.43333592031;0.4322225261106077;0.5298557726730123;0.2389514554730719;0.008835942217466756;0.06433608122537955;0.023093068977703128;0.13807803557657114;0.2638315448632156;0.7162715905208392;0.5291909388697723;0.13878310100426489;0.7212147005544949;0.10081943355937144;0.00736037083129729;0.05837935255815474;0.19577618271495426;0.3000195081885169;0.12388016807153608;0.7180447182143415;0.5323339972988175;1;1;1;1;1;3.694416728110035;3.725483858130088;1.1359156359031253;2.1517453357481253;3.2082739892618446;False;LBFGSB;None;1.855287569573284
23;998.91336047126;0.3941367022632984;0.5034106587813357;0.19052700303652448;0.021073116202101567;0.19745241147557466;0.028632962510951012;0.21194951703074055;0.2157194449625702;0.7837274260013175;0.6624280198023942;0.14343290289054186;0.6420329694288667;0.2381958631252336;0.08549663257471488;0.2729810679675587;0.023622194801919016;0.10371392057104092;0.2975691874526191;0.8228608560853652;0.7303154311698752;1;1;1;1;1;3.620564985858096;3.4782831738886717;3.6175996630964415;3.0250908811190342;3.1184288244506977;False;LBFGSB;None;1.855287569573284
24;1005.249469608407;0.4413798748050818;0.5569010802763867;0.2329267350125111;0.026414861090572585;0.19572637612532168;0.022871232154452574;0.09169151532318193;0.010124127223174672;0.7278708053145168;0.7724227362439131;0.12916983441703753;0.7924073503703088;0.23451643872769104;0.21354310250037148;0.27306949406857883;0.033571863143082505;0.2148108263558208;0.013212991801718229;0.741683160155396;0.9192951756644246;1;1;1;1;1;2.16059165809424;2.7008322585236604;1.2028658996317072;2.8078635801132794;1.101771602885536;False;LBFGSB;None;1.855287569573284
25;1010.1459889920957;0.4701748952380294;0.2432945069433373;0.2084617494219756;0.014396827064676954;0.06912480426517477;0.017605779100246403;0.013639182645474751;0.030283987213976408;0.7150393603190116;0.9855235311593392;0.7468712793221441;0.5168822584314929;0.23081242058715296;0.2541931991098854;0.321056581999176;0.27552352704233624;0.15404021893492553;0.1713450775654601;0.8230451362009465;0.6718536635302192;1;1;1;1;1;2.3306723575871877;2.2104292143820508;1.419055377389875;3.627752516219609;3.101714997497787;False;LBFGSB;None;1.855287569573284
26;1012.0048600612804;0.4321175228935654;0.7916713338798681;0.2353328491718868;0.030014562504720437;0.18985205415564746;0.06727596046096808;0.05363365427678948;0.2697806223475792;0.7694431594961847;0.8666448334204073;0.2656056999458677;0.4291879058871797;0.24578447077337656;0.4095294385405477;0.3056270799642876;0.08234411667542223;0.1794777066862048;0.0983396685572454;0.7683496626353512;0.6266966443741224;1;1;1;1;1;3.5124969929905125;2.7352606589712725;2.2946523433653896;2.2272376847269557;3.5099918731778117;False;LBFGSB;None;1.855287569573284
27;1012.0319433650512;0.5190872087885426;0.2287931483691;0.2393428596330937;0.014495062329276241;0.1203514862324653;0.045862915050728696;0.035656107771841784;0.16516550641143354;0.7102751333315481;0.5883196775244928;0.24236036521810414;0.4939647793051553;0.1701229414527819;0.03361857499995445;0.2430119346920125;0.08493589068645106;0.2010478502301883;0.01415267680809559;0.7848701900023863;0.7515160205195939;1;1;1;1;1;1.5040846500824958;2.0994781287601563;1.6592014932437689;2.645717373918365;1.195947913870417;False;LBFGSB;None;1.855287569573284
28;1013.9333311639627;0.5094606737172798;0.22562369781005115;0.2318239840763701;0.012164574926993866;0.014390282594774713;0.0854862495531354;0.050704898891597946;0.4;0.7482636294611531;0.6852015939198528;0.4429915609435015;0.5266831022322012;0.14245687402795276;0.04411065569098907;0.10369661275838124;0.3832784032925072;0.03145418230622151;0.2796710324647973;0.7042363655408553;0.5700288120766996;1;1;1;1;1;1.3532636109798408;3.1575373834109133;1.5758492618607032;1.9087257213419748;2.9749910001441826;False;LBFGSB;None;1.855287569573284
29;1015.4093717165944;0.4450556395669164;0.39278879242115183;0.2304257651365605;0.010266041719016586;0.01;0.016692160115004583;0.5;0.27861768555201977;0.7566639148085194;0.8541543046957872;0.2195391161183604;0.4182253519949025;0.10888458161332172;0.1856150941259452;0.04463073555781371;0.2101947007535535;0.38523211367409416;0.04959813784076207;0.7202907853337629;0.8719219416519794;1;1;1;1;1;3.6393944805961316;2.1644011788716773;1.710851767300781;3.226934976451859;2.777852615355954;False;LBFGSB;None;1.855287569573284
30;1018.468917109162;0.4306152173308347;0.8453931443560756;0.238867395599591;0.02596398026153859;0.17547327482025873;0.05235821906048941;0.07857949592432685;0.30258963358401697;0.7967617704284097;0.7239477785834;0.3090888105255652;0.3094131700198016;0.187579704017404;0.04503791293871267;0.3104381392130251;0.25618605920900994;0.4675794954471069;0.09243286050005073;0.7482895005281649;0.8518068468191542;1;1;1;1;1;3.636626257815069;1.8354448415022555;2.779315670092334;1.4896934900259708;1.5915433317831107;False;LBFGSB;None;1.855287569573284
31;1020.1094945145584;0.4386796503778591;0.5137133774658051;0.23126313423809705;0.018867763019845163;0.1982205696285674;0.03267948978500067;0.27891513902040393;0.19156490462949802;0.7471990181327809;0.6520839351576789;0.3375314849590685;0.5212522428080401;0.19547684185814532;0.050654113596820496;0.1783787277700722;0.12817329298510596;0.3671416153064814;0.16082786259874188;0.7661055241202434;0.6272872671709618;1;1;1;1;1;3.8009372021898913;2.00521453370948;2.5155318191029763;1.4389974367699732;3.032309372528745;False;LBFGSB;None;1.855287569573284
32;1022.4934404454477;0.4617179222372934;0.44443597663085105;0.2357229386030501;0.0254444151427174;0.15735250665718728;0.05469043269060698;0.06464431492183838;0.3651652966429192;0.7773454554461222;0.7494547323769984;0.18270549254331006;0.6229849794204309;0.24543663611501595;0.10813086074491343;0.21314162530713865;0.11475625720949402;0.14564155880239238;0.33027086311503284;0.8223679201405212;0.5593667542836094;1;1;1;1;1;2.7114813883923627;1.3926324603396856;3.6729263946245263;2.222604542632024;1.3399662253041018;False;LBFGSB;None;1.855287569573284
33;1023.5928403480412;0.4771724117809914;0.3212383051119795;0.2360616142775433;0.0175744427892069;0.06662539652866828;0.014370402506838988;0.441113856033324;0.3812974619822581;0.7299216033462359;0.9861966613219608;0.4493568881040855;0.979739399918882;0.11495087684478154;0.08902628991788122;0.16269916282273672;0.2325953728198041;0.3446700778883382;0.3150553299017199;0.7638408932574066;0.6631122540659358;1;1;1;1;1;1.892323152932441;3.2807061618451883;1.1911218838836681;3.265447072260207;1.6988601462910116;False;LBFGSB;None;1.855287569573284
34;1024.2590309141942;0.4977935787486328;0.2185927229348819;0.21782794463626795;0.014547899526783948;0.06690124844415164;0.023723638151544085;0.4690062616162805;0.3995443414011825;0.7140692927414264;0.9512221217479304;0.5912216268192029;0.5022034205496048;0.1339712862726802;0.3329633257723521;0.1384959001301147;0.039710725490250176;0.43696456810607787;0.3780331430852704;0.7299921208045969;0.6984351024979244;1;1;1;1;1;3.787020183422821;2.162488096417033;3.253074191475572;1.3065437181139732;1.7489671852261774;False;LBFGSB;None;1.855287569573284
35;1025.2830708016145;0.4851143746246333;0.22519021021827;0.21883663723742253;0.009223578619380291;0.01;0.01672745005010759;0.49723000016388297;0.3259066629419573;0.7159674648395168;0.8242370692738766;0.2248451728313572;0.3318069972524487;0.11267987740450107;0.24302859517405026;0.028933414586057356;0.26682136162734604;0.4687495246303012;0.24891557307661405;0.7060220938185644;0.7615628391901832;1;1;1;1;1;1.610166098966853;3.7994231017873914;2.0227064845595644;2.5177844501463453;2.5204290821011925;False;LBFGSB;None;1.855287569573284
36;1025.6264136823281;0.4415512715085401;0.459323953793028;0.2302824805752357;0.015830107802111353;0.13232897081670952;0.011893066156207192;0.4061472789416246;0.17945376695518986;0.7416696995174389;0.7980550404203419;0.2474911392171784;0.6276700294750405;0.1836165598184178;0.09638318849882553;0.2151665506707592;0.013480852927129812;0.3475254024636998;0.2848641935914482;0.7753124964039272;0.9682831857450258;1;1;1;1;1;3.183205161593605;1.7602066314479594;3.3358028295276934;3.597801205396272;2.0409905945570674;False;LBFGSB;None;1.855287569573284
37;1025.823200797944;0.4351447901772832;0.5393321543336448;0.22576130890380455;0.02619787188325765;0.16929662794947756;0.0410156796344314;0.1617516528332548;0.3856308307611343;0.7484305669949821;0.7773622766939603;0.2851011714129588;0.4340705743751165;0.1638115717377798;0.059455826426220625;0.09788606596522713;0.11089972316616327;0.26257058386376697;0.36418670502792383;0.7226868707555748;0.709117222587067;1;1;1;1;1;3.255536236560415;2.303845926427872;2.495708820918023;3.2775800091972638;3.805667236038517;False;LBFGSB;None;1.855287569573284
38;1032.1842211456044;0.4326184590183752;0.5243889465662629;0.22396598258733744;0.02204686319941016;0.09891433451412487;0.029865716371398832;0.2686688421089885;0.3457775725827452;0.7883387343335575;0.9035043743504696;0.13568524345483945;0.6796417491014114;0.2331725763430232;0.06452226391550696;0.1065703703307523;0.0798492594682322;0.44339950809457296;0.3084366847845081;0.7641016144198165;0.8411013428774524;1;1;1;1;1;3.1527573496254777;1.7685279428226084;3.5414326108063943;3.3485850480473833;2.5902916052508806;False;LBFGSB;None;1.855287569573284
39;1032.1842211456044;0.4326184590183752;0.5243889465662629;0.22396598258733744;0.02204686319941016;0.09891433451412487;0.029865716371398832;0.2686688421089885;0.3457775725827452;0.7883387343335575;0.9035043743504696;0.13568524345483945;0.6796417491014114;0.2331725763430232;0.06452226391550696;0.1065703703307523;0.0798492594682322;0.44339950809457296;0.3084366847845081;0.7641016144198165;0.8411013428774524;1;1;1;1;1;3.1527573496254777;1.7685279428226084;3.5414326108063943;3.3485850480473833;2.5902916052508806;False;LBFGSB;None;1.855287569573284
40;1033.5564923335226;0.4335363648173223;0.6177965113586766;0.23745662684322935;0.019777731411559904;0.19080962126192413;0.0619955110565136;0.08988556635568619;0.344767182317584;0.7229372359709224;0.6359891605926642;0.3256658391183844;0.5483541288076919;0.15042009767932507;0.14084727305833214;0.16532040311053345;0.13973191098755905;0.020233330949103238;0.2802060516272523;0.7210735322960479;0.5116544430070591;1;1;1;1;1;1.896319588803552;3.5868396445402766;3.3066150933612697;3.556906377952429;1.074083988913254;False;LBFGSB;None;1.855287569573284
41;1039.6614197951612;0.3999705688556081;0.6007682203298034;0.2086514011291167;0.015552894868220743;0.18691491175934655;0.01921567221405181;0.3384801087737802;0.2973793721434886;0.753236155247142;0.6181732476403868;0.19810969398672373;0.7087034740918778;0.21977024328160905;0.04906413125392961;0.18556575345709453;0.0381948821418443;0.32727442709504234;0.3437519717083557;0.7686815940599533;0.6238827450534494;1;1;1;1;1;3.0658735302258515;3.578215542836006;1.0296651518676985;3.400314033099197;1.4500336197041743;False;LBFGSB;None;1.855287569573284
42;1043.660166666887;0.5109166336264221;0.2356552972609485;0.2398869424560631;0.009456717587972277;0.01;0.012303293957773818;0.44100137266196776;0.01000804513515964;0.7186152969901397;0.8662772914319605;0.4197062610855928;0.3288497490082467;0.2085309330166108;0.05098072191601937;0.028431614047657237;0.32955947541435504;0.4045358800150427;0.01853585825492882;0.7326150128408214;0.8891331930696242;1;1;1;1;1;3.8893648033208112;1.3790777988808482;1.6093879893783898;1.6522609062385536;1.2696554893036631;False;LBFGSB;None;1.855287569573284
43;1045.3997702496326;0.4570288916028703;0.3544020957474413;0.23325265934484105;0.010842418712474164;0.043568478391342286;0.01949286716497727;0.3236634553631862;0.22913431527117986;0.7436300186956121;0.7062381751711863;0.1566177831379635;0.4839299501191796;0.2288995577264192;0.07403864474337743;0.09842316809518403;0.02263894540024101;0.18947588198642887;0.3977671996136555;0.7929092325166686;0.8768111985527656;1;1;1;1;1;1.7166801097291586;3.728701427442359;1.100103860430908;3.5384892138979214;3.5666353790221006;False;LBFGSB;None;1.855287569573284
44;1048.8295233510246;0.4304427631867534;0.7705497739056311;0.23676612837110586;0.02573956706552699;0.15736803051199694;0.0582881228520333;0.0948214807257389;0.1815904086655234;0.7708898923379673;0.9251565920321478;0.4289968797238136;0.7303422025345168;0.22102322188348408;0.14657276601020436;0.0700622051880284;0.07197262985779959;0.16970893736124373;0.11231471451057408;0.7646133256189723;0.8988220639230863;1;1;1;1;1;3.165967205328052;2.271026403436708;3.2514376007676327;2.0834034805770143;3.0022267710707107;False;LBFGSB;None;1.855287569573284
45;1057.3485478295388;0.4746941019097883;0.3357460416989733;0.2375443272667144;0.01505369994260473;0.10759182843785438;0.023188588834527003;0.412136616773376;0.3930201657456029;0.7618511662975033;0.7571929738585672;0.506707267854661;0.3757580746745173;0.2311825108949273;0.06111610982222245;0.040284348564616435;0.057922819488119365;0.4913219855804042;0.3893107887125459;0.7513578172519492;0.7092167567569115;1;1;1;1;1;2.537999286289952;1.6059849387883398;2.797619138950856;3.5867409977862073;2.6558902188273867;False;LBFGSB;None;1.855287569573284
46;1063.7463183240236;0.4335637192348645;0.6374546963720106;0.23414251053408414;0.024509854738990245;0.13345279697976745;0.0370050387347319;0.2583881131743714;0.27852345447242605;0.7279875158157024;0.9506795389694838;0.20710649196553196;0.8729017438586972;0.2251530281756665;0.13894160857072274;0.13100977874602804;0.052280117363426505;0.4073726263227177;0.20969696257275705;0.7314728278740159;0.9097561260730012;1;1;1;1;1;3.1354588711646496;2.5920857962638943;1.5318426173339972;1.3754896219368526;2.3681989238407977;False;LBFGSB;None;1.855287569573284
47;1066.728216411899;0.4417972378103289;0.6046490425659838;0.2368964841528512;0.02511239129887451;0.13068860321285414;0.01837926215725375;0.4699751310767248;0.15539574409475448;0.8067037659779515;0.9628384703403726;0.3645735277017321;0.6442065335616795;0.24137039514426314;0.18572703908062474;0.0334185542022586;0.22066150662851905;0.4465437136681631;0.06522992590979369;0.7798764434073355;0.9229941341031809;1;1;1;1;1;3.5193351794750174;1.836989948785333;1.7819782557076458;3.923972016151148;1.6184845335327376;False;LBFGSB;None;1.855287569573284
48;1067.3887678844549;0.4771904505122605;0.21676813333808992;0.19642699199595;0.018225776065156556;0.1300196464504186;0.016727909049136274;0.4884504589957768;0.2786160574367072;0.8050978001489882;0.8153504978333335;0.31440186309363505;0.4373877077506087;0.21012545966966728;0.4162219890383453;0.1622215412791656;0.05855995732762316;0.3718568823563445;0.3701998120026948;0.804897589094542;0.8316073401145138;1;1;1;1;1;3.195464107446502;1.5067680062006366;2.5191755962255002;1.6635385764066828;3.8770166230002165;False;LBFGSB;None;1.855287569573284
49;1068.0478634708434;0.471055979254271;0.3309543799214602;0.22482597100719534;0.02369136305640726;0.14916086513614835;0.04004824448061988;0.03495023538507222;0.3488065450431594;0.7671208248882652;0.8067270519753327;0.2169358877941097;0.4503075498058899;0.15283774237870776;0.11089077444847376;0.19350070153459487;0.15069146284951807;0.09176210402742334;0.28390514020048807;0.8357277359763998;0.9864708057575318;1;1;1;1;1;1.2574203713364462;2.4282054883225697;1.9421248420305544;2.4233400695939094;3.002797095651496;False;LBFGSB;None;1.855287569573284
50;1068.2573487433333;0.4370381266406864;0.5613639148503817;0.2315830894547373;0.02395873857885726;0.08055814771806849;0.040213947524619896;0.1365298391105278;0.2318619249341681;0.7618519051754506;0.9652889860502114;0.22972731617911565;0.7795975564810458;0.2484748760153539;0.03118234795933535;0.05126581713752161;0.12430667227384072;0.25480929263723884;0.13100921148590958;0.8082353640549417;0.948294168240269;1;1;1;1;1;2.2169244085133037;2.3096833905020984;3.352817925080517;3.855735338813379;2.5464477333291486;False;LBFGSB;None;1.855287569573284
51;1070.2029102424974;0.4610277145958657;0.2697996737821251;0.21035432848780636;0.01290951068498658;0.10691361814381248;0.01976459207034673;0.2613754034097183;0.12535546087436378;0.7454222787822828;0.7072239444079489;0.5483072572560771;0.6314843786676586;0.13425436891239104;0.11333140164862372;0.2701953846191237;0.03531746493574596;0.3910773376211751;0.08883372294774915;0.8021997172761455;0.5248218082100151;1;1;1;1;1;1.7727403758118043;1.4161961064954491;3.5890625937349463;2.057048506028252;1.8413056622554251;False;LBFGSB;None;1.855287569573284
52;1070.2442160316245;0.3929090064132927;0.6421541473260091;0.20836970366000893;0.011147377681992284;0.04632838411688632;0.03534207996780263;0.3078176089088029;0.25629984345285795;0.8322908752207742;0.7070276508846395;0.5103907791882181;0.5608347777977492;0.1770892839877054;0.3514990020715993;0.18717584722048264;0.08918756571236787;0.33704112293626165;0.0999743893622817;0.8294441744679181;0.596085078001689;1;1;1;1;1;2.682603479993033;3.818693974824997;1.6487747921336755;3.68622050704135;2.09985098512976;False;LBFGSB;None;1.855287569573284
53;1075.1136575918902;0.4392426143026108;0.5349241368247599;0.23765973306320676;0.016512940197253474;0.0914811379888303;0.024883738425278287;0.21777028056527425;0.35871282588646897;0.7427708433613083;0.8216711136069006;0.1363334478194066;0.6234370689061121;0.23421100834225675;0.0516394050891443;0.03838985555112479;0.10131144382496528;0.3869799021043936;0.3219318393056944;0.7360822834019645;0.9293889754611312;1;1;1;1;1;2.913446889918275;1.8280464930048737;1.192248112599449;2.7566921735579903;2.390107895491118;False;LBFGSB;None;1.855287569573284
54;1080.8766720487054;0.4544597145114856;0.3617183340578528;0.2301601336566068;0.013374036309321578;0.13898137268124866;0.02192213211312486;0.17047173281845648;0.12986584805357831;0.7177626278998428;0.5713351863732203;0.11353772605224348;0.4739566340586263;0.16340129381938134;0.07084580735291762;0.191263533009324;0.011295932736925716;0.0732822652751887;0.14487396633230998;0.7475857472859635;0.6049346996857223;1;1;1;1;1;1.7359528857539468;1.7231863077799303;1.631313158092485;3.623685187627321;1.947309742680632;False;LBFGSB;None;1.855287569573284
55;1083.6751687582068;0.5134705712684787;0.21797102505467206;0.2305947371494117;0.010143343151065071;0.0143193769206176;0.016968473806424487;0.4665508199849681;0.19441931577224925;0.8138591665421379;0.8369689849652635;0.3390151617302363;0.33730181445713764;0.1954206553170419;0.19680708211359146;0.028259892457838876;0.2657432311446873;0.4728687117355302;0.1233086144727802;0.7868787212885368;0.7975841688328318;1;1;1;1;1;2.1743134063149463;1.5260739363801528;2.94220333924101;1.6780102565472368;2.38070987023109;False;LBFGSB;None;1.855287569573284
56;1085.4764741305003;0.5342574444803025;0.2145139395263186;0.2371298363208168;0.01918394227667006;0.1652460441318616;0.019711487492538246;0.4609152229630459;0.30230837403908706;0.7350009628726123;0.7164378235472874;0.2849091325196981;0.4805697120651557;0.126611272344078;0.17528729288224354;0.06984069752580134;0.39026805652062346;0.2485523724815088;0.016351043025320228;0.7277795465968188;0.6245927781072402;1;1;1;1;1;2.3247891302826678;1.7521913104152491;2.0916775333411946;1.000399096416536;1.6334196799239795;False;LBFGSB;None;1.855287569573284
57;1088.5733106391265;0.4244426754674375;0.7663996259791768;0.23532363262042474;0.021126914663798273;0.13967750131249154;0.03837291190201635;0.2693450556915973;0.338628191184839;0.7852733320966734;0.8125917572975887;0.3024019792812828;0.8844795580457789;0.24157176915198555;0.1034448449124574;0.14968382852170795;0.013099956429602077;0.2457645943760213;0.3941454636484607;0.8081124301174694;0.8674870088709834;1;1;1;1;1;3.0738601217435138;2.147649146294132;2.625593359746744;2.059337578461509;2.0334517336815443;False;LBFGSB;None;1.855287569573284
58;1089.0087712466363;0.427900727849403;0.479814032069112;0.2150273138191362;0.022974575661662045;0.15253782216399747;0.061810620015907924;0.024059182861562816;0.37639321404514814;0.7723743992327273;0.8107350262724324;0.4620332367759585;0.3881809754803285;0.12330552619010568;0.1521891831295033;0.06915936061558957;0.3212722734373325;0.04092550895603174;0.1214288695805774;0.8029833555805777;0.7545389049115426;1;1;1;1;1;1.6893892001707935;3.00133248147886;1.1427441349089664;2.2134285440310224;1.7365772596731062;False;LBFGSB;None;1.855287569573284
59;1094.2509110298017;0.4335637973024142;0.7078550232094895;0.23757897469239994;0.024553566764440336;0.17589664616808584;0.015951596512460937;0.4028339103923704;0.37145801131331374;0.7666373694840076;0.8183508377644009;0.4843359569911296;0.7613532230939001;0.22284254799498412;0.08992067676158988;0.10648573797725908;0.10877272982656573;0.4044775811623813;0.3546283855295941;0.7458271517175674;0.7822294814424439;1;1;1;1;1;3.289913114941797;1.6278862847215771;2.267759689376624;3.9816566183840183;1.4078533398509214;False;LBFGSB;None;1.855287569573284
60;1097.489307195581;0.4394927357267664;0.5845646573580348;0.2399223252834617;0.02001676478383664;0.1881229994937242;0.056633025471388675;0.14857806865524614;0.19566840220295564;0.7117722259775265;0.652340206123599;0.27460132780561297;0.7562963402637229;0.157433415938978;0.03601538260713278;0.2502854629203623;0.05588624170241289;0.01793169568806905;0.26733128473811124;0.7419941926382341;0.7087944628090228;1;1;1;1;1;1.3516846125099264;3.0568025725107515;2.2973962087709032;2.682356735459679;3.6699213881616224;False;LBFGSB;None;1.855287569573284
61;1098.9574345748074;0.41792362590107934;0.7637100304761211;0.2210736013328226;0.029164025549009626;0.19711873729500928;0.06024350971651369;0.08425434049697142;0.3990732151230738;0.8142620107445288;0.7674483298026755;0.3939926958071268;0.6439643268831721;0.2305400706473153;0.1580088284415536;0.05008939916461375;0.2837880397912608;0.0723694616447803;0.32432701481373233;0.8296529332950089;0.6094400538353915;1;1;1;1;1;2.5918749620941988;1.81930819789839;1.8892792294267355;3.3216074697364286;1.4028655492301592;False;LBFGSB;None;1.855287569573284
62;1100.4750088576275;0.4394485762126845;0.4542660989582773;0.2281088180511644;0.017311104086051774;0.15053715555796748;0.0514141157041174;0.040393951379690464;0.3999703137862409;0.7368091828974725;0.5804219870955079;0.1154795589958253;0.6785019548886311;0.10442291871045123;0.0605141615256543;0.0883408576843623;0.08752295516966102;0.1765224377475601;0.3719613548607848;0.7438991011103447;0.5730962570645641;1;1;1;1;1;1.1392334037636018;3.31019973767008;1.231901372253973;1.8057069594697337;3.2348174544686414;False;LBFGSB;None;1.855287569573284
63;1104.8388602486032;0.4054875051455548;0.6017244613170853;0.21941300546959;0.009821833601727295;0.01924636086389957;0.0158982578938198;0.4982797880011488;0.25524651998120995;0.7718096679802242;0.6831383937026393;0.1395671232627935;0.6342856540481892;0.15567862604346927;0.4371734102195301;0.0740495200030945;0.050666350754599535;0.17502654123961647;0.2932535666627153;0.7774208584933481;0.6684325445724022;1;1;1;1;1;1.3820205327119024;3.887810926059032;3.54602540010634;3.897743883933968;1.2718468994928638;False;LBFGSB;None;1.855287569573284
64;1113.7068438193648;0.3511849574622817;0.4638476470261384;0.1476106030324071;0.02419033643910717;0.19622861889411425;0.034218792457339664;0.3686948611662003;0.4;0.7744375111198581;0.7849963231771717;0.6980963302869252;0.5062619036117642;0.15459874200851048;0.07576642249438154;0.05492687837272845;0.15523270959152613;0.3485370518051261;0.3762074749085473;0.7177064878443552;0.6301680175866511;1;1;1;1;1;2.1098509517837747;3.3593068391434264;2.7034797613828507;3.5330044999192185;3.935169112435629;False;LBFGSB;None;1.855287569573284
65;1117.2088125318899;0.4604753144209902;0.40356620733672377;0.2389448235595957;0.014808041204320053;0.10541867612455476;0.1254151018427537;0.01;0.2226787567281085;0.7512104508714069;0.8649210549737733;0.2880073595453715;0.25407345145758664;0.18947580444653328;0.025548598622740323;0.1339929564464088;0.3121639781045448;0.08074973694208355;0.16821518833097318;0.8145943132604119;0.9909326576414574;1;1;1;1;1;1.8251610540837095;2.6649301044220453;2.5391164465928857;1.9021715153372458;2.49281565855842;False;LBFGSB;None;1.855287569573284
66;1118.0241377695115;0.4385085772259483;0.4892525893610625;0.2293340154094977;0.018471305319371783;0.1392995000277646;0.024872017348864614;0.3372122344218224;0.261213346067346;0.7660966689565886;0.7798731612814627;0.2557447299856138;0.6283873196819763;0.21021621868566448;0.02125710105609406;0.1827683118455542;0.1098781863073366;0.2952755617300412;0.3481443285050909;0.7950408016277635;0.8901810477465548;1;1;1;1;1;3.6563805126203834;1.2203762676286771;3.107459492171123;2.7702622911547734;3.1845889027966137;False;LBFGSB;None;1.855287569573284
67;1119.978108817368;0.4548156999836779;0.6005300781512767;0.23884463305740275;0.03502098696569347;0.1984321427290381;0.032899006727464465;0.2771844563591811;0.3847493306335933;0.7856535203284251;0.9871941213526244;0.20096970023443392;0.3954128641375709;0.13229515512639653;0.2768231930488215;0.1166106833951492;0.21727177454605592;0.3570968816207981;0.2516732706114561;0.7240438678194904;0.8777718406183068;1;1;1;1;1;2.5884998523962888;1.9255577028000812;1.4657589977929986;1.132019698048958;1.256353210160732;False;LBFGSB;None;1.855287569573284
68;1127.9235977444498;0.41923302371602544;0.6651421918775058;0.222974076634316;0.023976833501381144;0.09691028687617266;0.04882288484356632;0.10976600347272644;0.25681078199565005;0.7902590460583445;0.8675880159855626;0.3031478529434619;0.6319222459792264;0.18511931510793345;0.03672548144744132;0.10597918252967604;0.07380566268801574;0.15846175897502773;0.2936907374922103;0.8351680566654982;0.9289317505793202;1;1;1;1;1;2.255181947691553;1.7341086634988558;1.8574694800833007;3.139692614942558;1.91423592445386;False;LBFGSB;None;1.855287569573284
69;1131.3243010716164;0.4619968804776702;0.2384935263566126;0.201741592027927;0.010332956277432257;0.11462840609788702;0.06328111250771115;0.2823711577431553;0.1431046238040045;0.7676692026262742;0.7022913606758565;0.559333169100394;0.6636711248279317;0.20094264056573385;0.054149314364753225;0.1880817504278438;0.14027406001455733;0.14682175680313972;0.1254244625919103;0.7463079415439344;0.5740914029742374;1;1;1;1;1;2.5029723856145023;2.496472331886436;1.8652488026433585;1.9450179593467836;2.051427505936024;False;LBFGSB;None;1.855287569573284
70;1131.3243010716164;0.4619968804776702;0.2384935263566126;0.201741592027927;0.010332956277432257;0.11462840609788702;0.06328111250771115;0.2823711577431553;0.1431046238040045;0.7676692026262742;0.7022913606758565;0.559333169100394;0.6636711248279317;0.20094264056573385;0.054149314364753225;0.1880817504278438;0.14027406001455733;0.14682175680313972;0.1254244625919103;0.7463079415439344;0.5740914029742374;1;1;1;1;1;2.5029723856145023;2.496472331886436;1.8652488026433585;1.9450179593467836;2.051427505936024;False;LBFGSB;None;1.855287569573284
71;1148.1809611192075;0.384362067087567;0.7962103538166491;0.203345394856444;0.01711771214844656;0.1825678942701904;0.06493254556020933;0.12015450735994962;0.12128228864476087;0.7508373659295678;0.8321171934974012;0.28880402891616275;0.7660131721873986;0.15312625697576368;0.030166652537967336;0.2175433921471877;0.1515485547306254;0.02815133612719143;0.09292005789958344;0.7720016399510913;0.9022883826509868;1;1;1;1;1;1.8205740379035333;2.3336457449477432;3.3549085716514355;2.285608703115629;1.96360412474702;False;LBFGSB;None;1.855287569573284
72;1152.1466275146245;0.4244101085832038;0.2105357508487128;0.16449004445961274;0.011215235237125228;0.0607171406847721;0.08130216594076214;0.12658323143356298;0.3782036739868591;0.7592552376074118;0.6329508315298019;0.10183227565245127;0.35825445668564226;0.12429901696424912;0.09670597064989513;0.11866348546340665;0.05090395592195147;0.2946377339240997;0.29465817861039345;0.7893585248712597;0.7947813262534653;1;1;1;1;1;1.0384079351572928;2.6821235063958127;1.3021029774114872;1.8405409136646569;3.3551554198698983;False;LBFGSB;None;1.855287569573284
73;1155.2267468018767;0.3964831115363994;0.37632348154201023;0.1858928060288767;0.012338182148808387;0.047423270421448345;0.01738861538389066;0.1883366371885661;0.3906582177576786;0.7213487709900144;0.8940151009593936;0.648380563739569;0.2613323227076205;0.1034381662543438;0.3453714689396384;0.2564576505421018;0.3644799970295883;0.0915806806879365;0.3029237745494998;0.7150426897801623;0.7799200920202927;1;1;1;1;1;3.8975705858998437;1.0356732919199618;1.5339849257250968;3.7628978071961066;3.2089150487086218;False;LBFGSB;None;1.855287569573284
74;1159.1667044671374;0.4534378347767938;0.2220328930532283;0.17617882609538904;0.02233704552966009;0.1978549123450735;0.03495251955000374;0.2101562926282463;0.28668442542497546;0.8342797054010782;0.7936110720031414;0.3868135025043533;0.4971950912075878;0.1521434802679194;0.056370875280938725;0.1788596203776374;0.2283249115392128;0.19936720803557706;0.06642729046176478;0.7844391967050452;0.6886699257508193;1;1;1;1;1;1.0307980797410845;3.7352542734133833;1.0229375320215457;2.8077176517746016;2.949263611156077;False;LBFGSB;None;1.855287569573284
75;1170.7875154302249;0.4030205490282385;0.579210946862709;0.21522304855969265;0.009418550873988692;0.10780502085478702;0.01;0.319907980844212;0.21667971298827185;0.7731003293402976;0.5164841187831554;0.12906997546109028;0.7621675788594884;0.1842973024226021;0.003488812606910553;0.10984139819829676;0.03876288672462501;0.2572020205793808;0.29874729970754405;0.8118560417774442;0.5070656665560299;1;1;1;1;1;3.2599172137085684;1.2652996651412955;1.3299912763698267;3.705621878319096;3.5162954098338317;False;LBFGSB;None;1.855287569573284
76;1173.4555881802685;0.41661017954555546;0.7328609471007042;0.2266433454352762;0.020532631178310747;0.10236343318033324;0.051854532774554284;0.12396747030668855;0.39998110565976025;0.8184620177629531;0.7448917364231371;0.44043413862226777;0.623084697859682;0.19769059290587385;0.34257787561169856;0.2278447429394773;0.3359964674981605;0.24464084873088546;0.2492448276667722;0.708650150229807;0.8383850831176656;1;1;1;1;1;3.5648223578407263;1.1291450560333658;3.7862764024735127;1.1368300667976272;1.6798244199492591;False;LBFGSB;None;1.855287569573284
77;1178.4509711538647;0.4299394805849505;0.794275240929614;0.236662195005032;0.026164865968891792;0.15311630208930282;0.02589585387309849;0.2671774976841335;0.17877113777343173;0.7592422000242837;0.9407047151625401;0.4389353279568987;0.8265941196822653;0.21184441111764307;0.006965088640995216;0.1406970942754651;0.023158141763624556;0.2827716426104838;0.16805088753815664;0.7624060604671369;0.9380471321144366;1;1;1;1;1;1.4336027489385654;1.8722325928978691;2.1793215741604306;2.9341565826066;2.31193542582356;False;LBFGSB;None;1.855287569573284
78;1218.405828630914;0.4282536624147992;0.6148163065617117;0.2271563150528213;0.023095965938665253;0.14100972618687624;0.02083477894240982;0.24969160626596;0.36683501877566826;0.8075627584661081;0.8682002115372808;0.27831005347134563;0.7997019541388464;0.20602868235012686;0.08995841323182813;0.15359872006339742;0.0955058401011506;0.3885228948983085;0.3321111660772458;0.8435875665943323;0.7963563886515356;1;1;1;1;1;1.2057343935888851;2.83859406164383;1.6452488130193388;2.430564128333848;1.676865300792518;False;LBFGSB;None;1.855287569573284
79;1218.944578488268;0.4885138187738004;0.27106067648992355;0.22428238083867488;0.026819798023438368;0.05002254986886314;0.04434356188436586;0.28525178944395985;0.2706217089777137;0.8362519299771022;0.9587337867031568;0.7560330774157636;0.6479567797953756;0.17004283614320714;0.11528791983404575;0.253978937573034;0.2690783439507428;0.42027452166364254;0.3352062740426914;0.8233413686426405;0.7986926335721191;1;1;1;1;1;3.3382732329544367;2.7200099198843057;1.6461165181290824;3.0315480710771894;2.3818296403704706;False;LBFGSB;None;1.855287569573284
80;1222.282240070973;0.4263550401265487;0.716878857448704;0.23760474871910664;0.017656628034721494;0.17972673510344694;0.1563064056040396;0.17148764428634306;0.3650551134829097;0.7839492047950746;0.9696342079516772;0.173357752769454;0.5520458597983087;0.17648775330023184;0.05659697350236016;0.04016629137261879;0.2751882517650939;0.29239188782871506;0.33306101779028363;0.7427680478754956;0.9482668734712068;1;1;1;1;1;2.883602967696962;1.805696972802324;3.662818277684127;2.0031036327782825;3.923908883184591;False;LBFGSB;None;1.855287569573284
81;1227.6398155331385;0.42471968897957935;0.8258273042205941;0.2322368509990415;0.027858099804705317;0.1886764358482868;0.029840872977730925;0.07656395662159837;0.24127923200856924;0.763322760297128;0.8671290453625882;0.3596450252285327;0.8890590637193787;0.2243145347990894;0.0351469302793357;0.02180794478695624;0.25815190152985684;0.3405970200785087;0.044415836204470004;0.7147878101530672;0.7728989211336963;1;1;1;1;1;1.3839858977347579;2.236702552549901;2.2986465667161164;1.136190887961512;3.284399960005496;False;LBFGSB;None;1.855287569573284
82;1239.440799129708;0.4049116226372658;0.8144910604177606;0.23209982984440286;0.011788977181205966;0.065273925607469;0.09417116314821984;0.2872772308929367;0.23417372946669535;0.7577301245185781;0.8508035723787782;0.30804303062835925;0.7596852353705077;0.13885017836800465;0.0953683986917148;0.015754742468572967;0.20177456648442701;0.38563629753976464;0.14108709126369928;0.7649867177645139;0.7822651857932056;1;1;1;1;1;2.773020304598027;3.3862971584041586;2.112006157206392;3.5832083888812467;2.1620305635442065;False;LBFGSB;None;1.855287569573284
83;1239.440799129708;0.4049116226372658;0.8144910604177606;0.23209982984440286;0.011788977181205966;0.065273925607469;0.09417116314821984;0.2872772308929367;0.23417372946669535;0.7577301245185781;0.8508035723787782;0.30804303062835925;0.7596852353705077;0.13885017836800465;0.0953683986917148;0.015754742468572967;0.20177456648442701;0.38563629753976464;0.14108709126369928;0.7649867177645139;0.7822651857932056;1;1;1;1;1;2.773020304598027;3.3862971584041586;2.112006157206392;3.5832083888812467;2.1620305635442065;False;LBFGSB;None;1.855287569573284
84;1252.299402647297;0.44113903558387785;0.4193904434404318;0.2074679727298088;0.04060925526672103;0.1792382798351635;0.08447599396770679;0.01;0.3348546408926105;0.7531397659405001;0.8299797373693231;0.2499811306528;0.5418722896543043;0.14280553115870576;0.1359270170636853;0.225084366042954;0.2472424243207503;0.031783824491408215;0.2034030691911705;0.7635407564977291;0.9838348439394692;1;1;1;1;1;2.216467360356672;2.2781899198647486;1.0363097382573248;1.41026481627453;2.531925092146052;False;LBFGSB;None;1.855287569573284
85;1265.190060274021;0.4345908305942456;0.4705010833645036;0.2367611163373663;0.003987169487185747;0.03778241610298241;0.14970638215690887;0.11316283923942692;0.06985743632318928;0.7781695657797887;0.6777921909746835;0.1714857628737942;0.6304307531268911;0.2239967531305356;0.009336093079410556;0.01998523359599671;0.25762246813516754;0.1393629317828928;0.04613390516244757;0.8212181419403202;0.7680916532447476;1;1;1;1;1;1.955007640945696;3.23036447446866;2.6229350887499487;1.2069661716631062;2.1389542685031686;False;LBFGSB;None;1.855287569573284
86;1279.0171933239408;0.4168291152939425;0.8677022011027998;0.2392560575337488;0.013654648161458671;0.16475291254106755;0.1271174062201242;0.1977781332891777;0.301246095562112;0.8229144291202691;0.791138924860771;0.40321634943200857;0.8568731717501843;0.1851961337230501;0.073781769336116;0.11564106177641985;0.16719954628238226;0.23076327272464855;0.2774492489063733;0.8139609974212039;0.7571070310993628;1;1;1;1;1;3.240122015423182;1.49857654833641;3.932625285533625;2.054769694682708;1.875568945253516;False;LBFGSB;None;1.855287569573284
87;1295.5118626679896;0.3952953484024349;0.3445681488025311;0.18048280461454916;0.015363600811087272;0.01848560609115561;0.014685054302073819;0.492874550652633;0.34558057415113885;0.7442807338609231;0.8362846478450013;0.2583800757285185;0.4390013698480189;0.11623214033135724;0.1227172541553402;0.15521166289204905;0.32411397183834223;0.480889654303285;0.31075831049397856;0.7538142320790994;0.8385304250138798;1;1;1;1;1;2.913053942606067;1.6797443917993389;1.6120728401864506;1.625650136752227;1.9799523904090333;False;LBFGSB;None;1.855287569573284
88;1298.0022386749306;0.34452283796574296;0.7536880637266818;0.16188901674506065;0.020916074032701168;0.12396514611915042;0.06001829958034788;0.1882671510256728;0.2688570411546811;0.8218338286586501;0.7470489202885482;0.19214615232258825;0.6761698326896919;0.11344163529097542;0.03460893228890172;0.017792946512697173;0.1517531589203064;0.2769043794169657;0.20454916293053169;0.8163422880040591;0.6558794653512054;1;1;1;1;1;2.209214334605898;1.4884062940263656;2.1574379956532037;3.7556056833966402;3.2303164018648927;False;LBFGSB;None;1.855287569573284
89;1306.8462646088244;0.4698030291327773;0.26466447610583754;0.23744815138399056;0.002514875721355187;0.06416627973499182;0.8461357678372512;0.2424902624470241;0.4537380086439374;0.8074016146189816;0.7137118197987724;0.14387336736127246;0.3186258276490261;0.2303123052676681;0.005018886381041889;0.07106476253156804;0.9518305058465736;0.1409741746916024;0.529331214149795;0.8458229794146882;0.7503519675750351;1;1;1;1;1;3.0;3.0;3.0;3.0;3.0;False;LBFGSB;None;7.181721573843423
90;1322.5382484644826;0.3982749818941584;0.4176567553859075;0.18936538167651776;0.014365359265742597;0.19674315720363636;0.0775010667072544;0.2318916960638885;0.33984961866448704;0.7784221550647248;0.9077682455920336;0.12663907092159798;0.449679533352612;0.1250648519095843;0.022220084894921437;0.1955805835886628;0.11773162770369487;0.22471383069534795;0.3843791421074842;0.7847022517004266;0.9872826295166556;1;1;1;1;1;2.0537114086047907;1.2429544580262633;2.203154874529715;2.7960599882903376;1.1764515850345745;False;LBFGSB;None;1.855287569573284
91;1353.0687142880581;0.416058002274266;0.5376013236164885;0.23035200954866736;0.003322754385908528;0.1493687886474065;0.14255829475805765;0.4333621827318861;0.21454236814532754;0.7512251638527154;0.6758668300518859;0.11930844011338088;0.6642922325559502;0.2358253540071756;0.02473119163119586;0.18149781285372954;0.12061181571546155;0.42307709629827095;0.2702206481498397;0.7637421100389454;0.7263417586068027;1;1;1;1;1;3.1087313112481207;1.3969079042461443;3.88621039984552;3.5965558444479138;1.053720501376413;False;LBFGSB;None;1.855287569573284
92;1389.5475415671312;0.3913087731162725;0.6474256203935018;0.21651037221738745;0.0042775474933328785;0.14067060707580287;0.17988890252069456;0.37303595568998177;0.26521469218961485;0.7457672263136944;0.8738089662539852;0.2518924681399949;0.5938323019254781;0.13834872833076786;0.0035527236577214635;0.15912205717811675;0.15566700440788192;0.35678274178758274;0.3012572725812377;0.7544748996789449;0.9293340434391534;1;1;1;1;1;2.0927039836411003;3.4512374680688724;3.0188888960641265;3.747034949280168;1.5431006026321676;False;LBFGSB;None;1.855287569573284
93;1407.1854276986155;0.4866720086459702;0.2481462715191501;0.21787419002624475;0.03826597396739558;0.04515007484343342;0.015585469245006109;0.041375248861886066;0.037632465795841626;0.7182613336168941;0.989357874588208;0.7788118230690426;0.7456693415788012;0.13158155688889858;0.2378522725142353;0.3344430378754386;0.32523086791742906;0.3842467037989488;0.2653926376459069;0.761214906057512;0.9331938621259483;1;1;1;1;1;3.3658053198501587;3.4679453090977725;3.073543194050335;2.255029954677138;2.4468867726943184;False;LBFGSB;None;1.855287569573284
94;1407.1854276986155;0.4866720086459702;0.2481462715191501;0.21787419002624475;0.03826597396739558;0.04515007484343342;0.015585469245006109;0.041375248861886066;0.037632465795841626;0.7182613336168941;0.989357874588208;0.7788118230690426;0.7456693415788012;0.13158155688889858;0.2378522725142353;0.3344430378754386;0.32523086791742906;0.3842467037989488;0.2653926376459069;0.761214906057512;0.9331938621259483;1;1;1;1;1;3.3658053198501587;3.4679453090977725;3.073543194050335;2.255029954677138;2.4468867726943184;False;LBFGSB;None;1.855287569573284
95;1509.9944790998136;0.3152954589391419;0.7804903184906101;0.14669436639481515;0.010737792574961135;0.02139804887559411;0.06051508828790491;0.3156296610622801;0.327211135905675;0.7756466999482903;0.7295223649364259;0.15457214347648573;0.9421276163126352;0.15289975042628404;0.0409582717186693;0.018836834454043216;0.08496261431413815;0.40184180198333375;0.30556010056378224;0.7949500219646161;0.7913862476801634;1;1;1;1;1;1.6975260476680958;1.113489421835586;2.2886818887415368;3.428286961560953;2.598574356889506;False;LBFGSB;None;1.855287569573284
96;1536.427984077503;0.4244018213980435;0.43559925254121895;0.1998576112146351;0.0323678733064558;0.09107768628057282;0.08345111127090431;0.061792500549158164;0.09328826005084584;0.8054714674600595;0.8545859991282971;0.6651788648944821;0.9280337981048572;0.1445227129040218;0.2658442455600097;0.1502699578429655;0.050224933509106284;0.3840273808334385;0.13229317743804958;0.790403985166501;0.7343864622042909;1;1;1;1;1;1.6234171165424485;2.4522362319692754;2.315047046559914;2.402890838482978;3.021281509604277;False;LBFGSB;None;1.855287569573284
97;1568.135706425232;0.40867852197228616;0.262025827258932;0.16637112611324462;0.019958737956594;0.061130603107728214;0.027046565082861414;0.3415251815637221;0.4;0.82044052502234;0.6272751402411335;0.33554381225890073;0.2257879243072248;0.2253030438769909;0.08824686738412997;0.03890204455159957;0.07797209827704553;0.363040864092764;0.3951217608363648;0.8198719256995899;0.6091189622813501;1;1;1;1;1;1.4352400069266786;1.8494882233937868;3.2202115549245534;1.1217552518609075;3.2933347868935186;False;LBFGSB;None;1.855287569573284
98;1580.0502495846927;0.33911815101305703;0.5244761927973888;0.1605202341114348;0.0026714202753215844;0.1671071701043226;0.2612790073516252;0.2785638242620949;0.18528483240290186;0.7775520959801873;0.6725867741863025;0.10120707010305408;0.6580637007415169;0.1856435008140848;0.008265308176422613;0.0681080620175483;0.36820755871313937;0.3927801341022635;0.0939600738375431;0.8096420410062439;0.5334749874457532;1;1;1;1;1;3.5856619799312583;1.3379114037360915;1.9278687285889904;3.5882497275642478;1.0009370672341733;False;LBFGSB;None;1.855287569573284
99;1590.683559869594;0.39780993727243796;0.6477935650815058;0.21805989854095234;0.007766110524709672;0.15753501867279324;0.23854057408257004;0.3833006749043355;0.30105310751638475;0.771185859288695;0.9376971060538752;0.3406458414985696;0.598215634937924;0.1667460327311278;0.05491719230001689;0.10422622928697242;0.3022810952482323;0.4564200763073257;0.2711895161099136;0.7555275635765526;0.9211793306386058;1;1;1;1;1;1.9889247567776482;1.7927294428831386;2.207290239793897;2.6799433051073733;3.5741536663257283;False;LBFGSB;None;1.855287569573284
100;1596.3324381136554;0.3975523281005949;0.2145563772959078;0.1489839536657447;0.024541614940913368;0.13184604531504365;0.04072487724579076;0.23202504951717765;0.09457215722906744;0.7933396098341148;0.6855291564350707;0.4624223169435492;0.514117956632872;0.1245929565412785;0.020182103062870348;0.3988850461602741;0.1389305973720388;0.3640481695155359;0.3043310328190121;0.7503453965021404;0.7587415131552011;1;1;1;1;1;3.372714170899667;3.0821013917072437;1.1443763740448327;2.4404422206442207;1.7564789863863648;False;LBFGSB;None;1.855287569573284
101;1614.1579116552432;0.3474072140782897;0.5880616103239904;0.16214879500330764;0.014278033003312037;0.1034016771575396;0.32648544922419553;0.09109595479347343;0.26262070655552683;0.8280728372135858;0.8647094152470223;0.28325359777797066;0.5334037334357207;0.1542162535551841;0.043572326025671286;0.05985866819046081;0.3720892212348684;0.1115309925424412;0.2389154199312076;0.8235459470144721;0.8442101296582332;1;1;1;1;1;1.5798978926442993;1.2313820534795856;2.435145715041997;1.9344752041105728;2.145180252004087;False;LBFGSB;None;1.855287569573284
102;1614.1579116552432;0.3474072140782897;0.5880616103239904;0.16214879500330764;0.014278033003312037;0.1034016771575396;0.32648544922419553;0.09109595479347343;0.26262070655552683;0.8280728372135858;0.8647094152470223;0.28325359777797066;0.5334037334357207;0.1542162535551841;0.043572326025671286;0.05985866819046081;0.3720892212348684;0.1115309925424412;0.2389154199312076;0.8235459470144721;0.8442101296582332;1;1;1;1;1;1.5798978926442993;1.2313820534795856;2.435145715041997;1.9344752041105728;2.145180252004087;False;LBFGSB;None;1.855287569573284
103;1670.5304326877826;0.3217011497858402;0.8518243285912733;0.14939551940671913;0.026696889593503657;0.01;0.01165454494457622;0.09701664643292457;0.33377791450632904;0.8139662777571147;0.9259831521821644;0.16079845176740726;0.571800322096369;0.21499907599403686;0.4757238368668847;0.060044677789888;0.014186820482081931;0.4698323951284212;0.16091820346231622;0.732192371506086;0.7692272449225794;1;1;1;1;1;3.637017092419681;3.7690593143639584;2.476589192074108;1.9379480142264969;1.951214959931096;False;LBFGSB;None;1.855287569573284
104;1678.0760937117996;0.4459251396380218;0.6745645405903311;0.22844345184244966;0.05510994028068904;0.09331519040979447;0.027674253029567542;0.2444233077386488;0.20899200248721453;0.8241300758778957;0.8628043521553798;0.3122515769485525;0.7457421934588889;0.16228692199426767;0.09307729312174877;0.10038196721225046;0.3695251367929974;0.2190286450537871;0.10620189922992294;0.8480743570072643;0.8474520865831106;1;1;1;1;1;2.6502839651736747;3.27425662000061;3.0926643278292887;1.4052307058962483;3.1065573406012024;False;LBFGSB;None;1.855287569573284
105;1696.9977590923263;0.3872658764128866;0.7188817718768494;0.216361539555552;0.004035011138982108;0.18780075518946174;0.2549485854833682;0.3842632309209385;0.2578627946410905;0.7410432883919017;0.709185237479932;0.2562102531129256;0.6458148600652558;0.242797384445504;0.023674846958559783;0.13172845517808662;0.3207649243676502;0.4825323409908569;0.21988628983519687;0.7120678629640493;0.6328759245735744;1;1;1;1;1;3.4872335717365734;1.3676046054308708;1.856229930556444;2.671693632708537;1.7740794093600094;False;LBFGSB;None;1.855287569573284
106;1710.038665314601;0.27282290379701435;0.6905265751093893;0.11079821914328508;0.003439284812541429;0.19573437536418772;0.2460792142349971;0.4995135606863152;0.39783974074328604;0.7400548190967179;0.8035928428611876;0.15111311528279325;0.7159771119391165;0.13867308664823058;0.06661652931416343;0.19920922748630146;0.26762355204603644;0.4919766630928944;0.39113792527638624;0.7471817886540169;0.8124636214440242;1;1;1;1;1;3.0784828648901064;3.3245620746243847;1.6223277430678875;1.82196208933158;1.4188022298725491;False;LBFGSB;None;1.855287569573284
107;1739.8207933992803;0.2961879766723735;0.5109962475599058;0.12385971598859807;0.002058449357987312;0.04738691421019885;0.3644002003007287;0.4638650729592407;0.27176569066139195;0.7667295072198125;0.9608715911934392;0.2573474098988755;0.5835225548025784;0.1446723928908116;0.023116240773481837;0.07724613265180108;0.3353600031578739;0.4306774987740637;0.2897636848141621;0.7787947728825588;0.9660109095199928;1;1;1;1;1;2.3700419753936903;1.9301731403332842;1.878895989538373;3.375235267904714;1.5380907821937666;False;LBFGSB;None;1.855287569573284
108;1799.0215302613842;0.3399797480692302;0.5289031636404695;0.16322084772929762;0.0015260241166905556;0.08105709031516965;0.3763983139491868;0.4403091358759464;0.16324781864005478;0.817738630836761;0.7541860966265865;0.3298525021191981;0.5194190880711084;0.1599643254912795;0.02727922507287044;0.07332793456311516;0.385489440472492;0.449906969333028;0.15711825722958622;0.8200957974153612;0.7482922491870572;1;1;1;1;1;1.0030451817009582;2.7111332937199104;2.4644781643369216;3.1366999773975284;1.2723694957416094;False;LBFGSB;None;1.855287569573284
109;1816.5482340361104;0.4170495323498585;0.4126014861027053;0.18711355604141114;0.06479734351752063;0.1807604017571766;0.01;0.01;0.022269803166992282;0.7558330075777183;0.8709012620460129;0.7214844305878524;0.8135511053271463;0.16681276029254075;0.36257084808633583;0.08290356034721215;0.34004498559612145;0.3715427440243921;0.2501370389708989;0.7468798091523094;0.561742998017519;1;1;1;1;1;3.1041214011177614;3.420738014140338;1.2765661557494536;1.6951993867002026;2.10551702892104;False;LBFGSB;None;1.855287569573284
110;1821.043136498296;0.3916244294578273;0.618886227590144;0.21401035854292985;0.0035521549542610296;0.1796003952306283;0.15586177093594952;0.4154366010547616;0.11048606942060732;0.8051087855336557;0.6436403821346137;0.3273043796485783;0.5496139156222648;0.1752327009560603;0.0863495408337962;0.11625584555082424;0.1960993314612753;0.4987146965090458;0.046727031213236125;0.8173429272163001;0.5610668111340954;1;1;1;1;1;1.2012708813866828;3.27213488436506;1.5789970985162556;3.3554912830040324;1.0941582782692774;False;LBFGSB;None;1.855287569573284
111;1822.5125990153201;0.5279586317649348;0.2525300834325641;0.2308732367533344;0.04014790793956193;0.11806479969118873;0.010542246020722392;0.40296977566564257;0.3433373156900349;0.7234864328105121;0.7976338960951715;0.27688157790189705;0.4109825053736607;0.11217895380324394;0.20050668314468031;0.22374707222653148;0.20959309376132498;0.33053719295575684;0.2681988953543294;0.7249591294650366;0.7881661042691902;1;1;1;1;1;1.9049476765179436;1.003358956691045;1.7836438853819028;3.4724284569549133;2.179474958728497;False;LBFGSB;None;1.855287569573284
112;1832.3122062514715;0.4821706926800026;0.21122759578873784;0.2118174766503767;0.0028932422548248;0.01;0.2862774945304283;0.4021431542498521;0.20026594974198286;0.7397584996388643;0.7255437953432392;0.759419424149158;0.376857499603915;0.1865506589658548;0.3657986782203733;0.033724917477844264;0.3964064752996214;0.4184974206298877;0.16473632539711205;0.7007458926462913;0.6772490893559757;1;1;1;1;1;3.5536097331283023;1.0940059713729835;1.0987086690522545;1.2000705303046733;3.719139674510084;False;LBFGSB;None;1.855287569573284
113;1881.2611388533844;0.4663562783104657;0.6877880902246102;0.2361135148152473;0.052960848827236125;0.10221629249942964;0.09102753694525276;0.01429976986260829;0.38260776808541336;0.7936666280293664;0.7067894484577022;0.3553641293529578;0.8674293181138923;0.2346938678793377;0.13123032492941256;0.05480461226066289;0.18945674620877573;0.03399259660353197;0.3542247782353328;0.8083051149224212;0.5593702576751651;1;1;1;1;1;3.2275419630479467;2.0288601058223765;3.1793076668149305;3.118627277056948;2.652862641905405;False;LBFGSB;None;1.855287569573284
114;2010.8582820665945;0.4580884137756335;0.3636668938693042;0.2342356884736988;0.020561441186214863;0.01;0.03007360441374572;0.30154759799498204;0.3209946540460221;0.7185401742445853;0.5523373397670786;0.1594463429369448;0.8048572550999797;0.19041369940778408;0.4639635790464961;0.04389356006204835;0.02012232112496608;0.25514727357627;0.3169291763443957;0.8285374085652104;0.5703431702562367;1;1;1;1;1;2.8951350237170246;3.3954725198529307;1.6864068777607013;1.9084899226996712;3.2094629977686706;False;LBFGSB;None;1.855287569573284
115;2068.704284195157;0.3896077981668675;0.7535418888736858;0.19860822802423092;0.029992866589128774;0.03935830161834995;0.02126419435445297;0.01;0.3987017671739392;0.7743139503846971;0.517977791146068;0.6224583777145025;0.28508288832969564;0.1419776979367523;0.4002532462091159;0.14015703811826322;0.10956768081725664;0.2052687918750664;0.018486732733656214;0.7432534198867262;0.6219403132820854;1;1;1;1;1;2.697264822046796;3.3980596880635257;1.742883103229189;1.7042495556630357;1.0442368560900412;False;LBFGSB;None;1.855287569573284
116;2110.307557774011;0.3649708162289192;0.6851027896971407;0.14350413611345186;0.05781979457638424;0.13310364304998326;0.01;0.14535694144857753;0.2329171485831956;0.7178654370418162;0.8468546704499317;0.11839406424725718;0.8368327450029667;0.21042382150884908;0.022573740987036243;0.14208210883218678;0.12585158197854396;0.07256572918038162;0.2760786153329787;0.7122908222958565;0.9478101388732638;1;1;1;1;1;1.3253510952631506;1.5884825795112625;1.8151150214910143;3.849915570129711;3.3633310417198583;False;LBFGSB;None;1.855287569573284
117;2691.051505971705;0.4155419425352424;0.3216274328445521;0.13546424603304744;0.0895071447258678;0.11966135968738788;0.23318025050778166;0.031629183138538436;0.3682198838823337;0.8398502593332469;0.9888449427128612;0.8595080506365033;0.9535821155467372;0.1992843456339524;0.2291437555231805;0.07214475884426504;0.3146830794833333;0.1968631910350664;0.3340269040601249;0.7280134923434374;0.8562311629013103;1;1;1;1;1;2.2916283956823884;1.6546411704523276;1.249074607216578;1.4891132891020191;2.6814854014927323;False;LBFGSB;None;1.855287569573284
118;2784.8169351288743;0.3050894094377577;0.2768358141420965;0.11635906313482665;0.030672230798642026;0.08229090601501389;0.010182422570174791;0.1292004212366364;0.0871055847121856;0.7394022903173405;0.6196078269456236;0.8704837655354388;0.5014368581426221;0.12063540876961522;0.20855944996396145;0.07163951894775816;0.3469206330618603;0.4379561888214044;0.12653028398423335;0.8276306600684703;0.8053517569553406;1;1;1;1;1;1.9816947227963533;2.1541868911784183;1.7434753533903071;1.746608181162426;1.1420867917306357;False;LBFGSB;None;1.855287569573284
119;2831.3401034761723;0.3925210427379736;0.4168267827561198;0.20968077168413454;0.06948279115990642;0.04061444800018188;0.11787738165267972;0.08904896930274844;0.4;0.7110951338013303;0.6704954098849251;0.6858057978398298;0.3251834700572907;0.24011405961712176;0.3236235009232089;0.3026483420558687;0.27622319093884384;0.11014199024838424;0.08138671315439157;0.8227586131470437;0.5783447320359881;1;1;1;1;1;2.839552499300104;2.9576331692025755;3.1517736956849856;1.3443401641905406;1.7002706248777317;False;LBFGSB;None;1.855287569573284
120;3039.1500825444236;0.3437920881747822;0.8615427580571013;0.1932628182922784;0.06584625998682822;0.010235342436533608;0.01;0.12551200219880854;0.3591722668916934;0.7884805464399832;0.7715752606540083;0.2982746328308296;0.8818938877645275;0.13012707236361154;0.1478056657124283;0.08149235022554319;0.2692057104694253;0.16892279051658607;0.2569927761541991;0.7824482788346182;0.6784194190984274;1;1;1;1;1;1.6681699541599444;3.4025913984390312;1.388405052391798;2.2602623655299805;2.252957806641108;False;LBFGSB;None;1.855287569573284
121;3271.7765636549902;0.3179520271169213;0.3125364730194545;0.16043818520387884;0.06992272444113813;0.05230127379390369;0.01079017957369812;0.4454231400754618;0.1011324849513983;0.7182183906502732;0.6020659929257363;0.5373220881606283;0.8646808639096795;0.15661978635085058;0.033205295798541236;0.11158276040999866;0.18645391331319736;0.3276750039453726;0.2287982138764299;0.8415179008391439;0.7491710990531628;1;1;1;1;1;2.5849876912916288;1.8137688840215884;1.6984308711581682;3.2933805491740897;1.6108633946866877;False;LBFGSB;None;1.855287569573284
122;3674.294978455637;0.18615403269907985;0.3147094412604541;0.118678141666843;0.0631143715065089;0.071284917391237;0.029277345025612425;0.08843427663370275;0.3999991325310014;0.7319105310537006;0.6141465489772542;0.5441035910340126;0.8201050416918896;0.13922039959705512;0.37086378021277744;0.1910464709010386;0.1668059769065496;0.10911794247321893;0.012611159491365544;0.7654263249813407;0.7817588694112281;1;1;1;1;1;1.4522055868802093;2.0150542797998963;2.8102159834418097;3.1749792025250727;1.5082621340749884;False;LBFGSB;None;1.855287569573284
