2235.260895292568;0.4017388285283547;0.8492487993892204;0.057183519261718524;0.2287340770468741;0.5;0.02159502869830768;0.039180935635640554;0.5;0.7999430830253094;0.9465849301238454;0.4017388285283547;0.8492487993892204;0.10970387080926587;0.17621372549932673;0.012369551298122715;0.06672320256721637;0.11567335235212571;0.20648001056391999;0.7999430830253094;0.9465849301238454;1;1;1;1;1;3;3;3;3;3;False;LBFGSB;None;28.67559607161865
2235.260895292568;0.4017388285283547;0.8492487993892204;0.057183519261718524;0.2287340770468741;0.5;0.02159502869830768;0.039180935635640554;0.5;0.7999430830253094;0.9465849301238454;0.4017388285283547;0.8492487993892204;0.2725843390926604;0.013333257215932204;0.13334121115398193;0.10727375456761552;0.1866636383478568;0.12187763890753218;0.7999430830253094;0.9465849301238454;1;1;1;1;1;3;3;3;3;3;False;LBFGSB;None;28.67559607161865
2235.260895292568;0.4017388285283547;0.8492487993892204;0.057183519261718524;0.2287340770468741;0.5;0.02159502869830768;0.039180935635640554;0.5;0.7999430830253094;0.9465849301238454;0.4017388285283547;0.8492487993892204;0.14153748597638818;0.1443801103322044;0.18896537074939213;0.1737964180380993;0.06618974750400493;0.18244082264639275;0.7999430830253094;0.9465849301238454;1;1;1;1;1;3;3;3;3;3;False;LBFGSB;None;28.67559607161865
2235.260895292568;0.4017388285283547;0.8492487993892204;0.057183519261718524;0.2287340770468741;0.5;0.02159502869830768;0.039180935635640554;0.5;0.7999430830253094;0.9465849301238454;0.4017388285283547;0.8492487993892204;0.20742030085357943;0.07849729545501316;0.10101068459675346;0.28916968583074565;0.027481581132428923;0.25911675291919806;0.7999430830253094;0.9465849301238454;1;1;1;1;1;3;3;3;3;3;False;LBFGSB;None;28.67559607161865
2235.260895292568;0.4017388285283547;0.8492487993892204;0.057183519261718524;0.2287340770468741;0.5;0.02159502869830768;0.039180935635640554;0.5;0.7999430830253094;0.9465849301238454;0.4017388285283547;0.8492487993892204;0.03793919281164596;0.24797840349694664;0.13471554343564243;0.09458956165435908;0.06190952547771041;0.01183098058730958;0.7999430830253094;0.9465849301238454;1;1;1;1;1;3;3;3;3;3;False;LBFGSB;None;28.67559607161865
2235.260895292568;0.4017388285283547;0.8492487993892204;0.057183519261718524;0.2287340770468741;0.5;0.02159502869830768;0.039180935635640554;0.5;0.7999430830253094;0.9465849301238454;0.4017388285283547;0.8492487993892204;0.2050339023186493;0.0808836939899433;0.2751309409516111;0.03875861705170545;0.09266178192980683;0.04280285384312316;0.7999430830253094;0.9465849301238454;1;1;1;1;1;3;3;3;3;3;False;LBFGSB;None;28.67559607161865
2235.260895292568;0.4017388285283547;0.8492487993892204;0.057183519261718524;0.2287340770468741;0.5;0.02159502869830768;0.039180935635640554;0.5;0.7999430830253094;0.9465849301238454;0.4017388285283547;0.8492487993892204;0.11199293618610506;0.17392466012248753;0.15387411055753655;0.1340117014039913;0.2547670091221543;0.1720648588603204;0.7999430830253094;0.9465849301238454;1;1;1;1;1;3;3;3;3;3;False;LBFGSB;None;28.67559607161865
2235.260895292568;0.4017388285283547;0.8492487993892204;0.057183519261718524;0.2287340770468741;0.5;0.02159502869830768;0.039180935635640554;0.5;0.7999430830253094;0.9465849301238454;0.4017388285283547;0.8492487993892204;0.22189507281006557;0.06402252349852702;0.18461306340235575;0.26850731677539164;0.08679653894605512;0.013217211926528749;0.7999430830253094;0.9465849301238454;1;1;1;1;1;3;3;3;3;3;False;LBFGSB;None;28.67559607161865
2235.260895292568;0.4017388285283547;0.8492487993892204;0.057183519261718524;0.2287340770468741;0.5;0.02159502869830768;0.039180935635640554;0.5;0.7999430830253094;0.9465849301238454;0.4017388285283547;0.8492487993892204;0.24704643471345636;0.03887116159513623;0.2730073035326006;0.1922942293761772;0.2530797703289301;0.017167968744518224;0.7999430830253094;0.9465849301238454;1;1;1;1;1;3;3;3;3;3;False;LBFGSB;None;28.67559607161865
2235.260895292568;0.4017388285283547;0.8492487993892204;0.057183519261718524;0.2287340770468741;0.5;0.02159502869830768;0.039180935635640554;0.5;0.7999430830253094;0.9465849301238454;0.4017388285283547;0.8492487993892204;0.24500845581509906;0.040909140493493534;0.1556925168219179;0.11854888249550359;0.10569412220956831;0.27361150571461185;0.7999430830253094;0.9465849301238454;1;1;1;1;1;3;3;3;3;3;False;LBFGSB;None;28.67559607161865
2235.260895292568;0.4017388285283547;0.8492487993892204;0.057183519261718524;0.2287340770468741;0.5;0.02159502869830768;0.039180935635640554;0.5;0.7999430830253094;0.9465849301238454;0.4017388285283547;0.8492487993892204;0.2818648802769488;0.0040527160316438104;0.2999602887432946;0.021008325212156873;0.05718714718297285;0.2689513756623465;0.7999430830253094;0.9465849301238454;1;1;1;1;1;3;3;3;3;3;False;LBFGSB;None;28.67559607161865
2235.260895292568;0.4017388285283547;0.8492487993892204;0.057183519261718524;0.2287340770468741;0.5;0.02159502869830768;0.039180935635640554;0.5;0.7999430830253094;0.9465849301238454;0.4017388285283547;0.8492487993892204;0.037917786244766785;0.24799981006382582;0.2736428631148575;0.019191381711586096;0.06702711954305801;0.002482586208346371;0.7999430830253094;0.9465849301238454;1;1;1;1;1;3;3;3;3;3;False;LBFGSB;None;28.67559607161865
2235.260895292568;0.4017388285283547;0.8492487993892204;0.057183519261718524;0.2287340770468741;0.5;0.02159502869830768;0.039180935635640554;0.5;0.7999430830253094;0.9465849301238454;0.4017388285283547;0.8492487993892204;0.2473621853130623;0.03855541099553028;0.1436934774944185;0.11813567576658057;0.22409717643408636;0.22581523390127084;0.7999430830253094;0.9465849301238454;1;1;1;1;1;3;3;3;3;3;False;LBFGSB;None;28.67559607161865
2235.260895292568;0.4017388285283547;0.8492487993892204;0.057183519261718524;0.2287340770468741;0.5;0.02159502869830768;0.039180935635640554;0.5;0.7999430830253094;0.9465849301238454;0.4017388285283547;0.8492487993892204;0.1923990191287251;0.0935185771798675;0.06522324319898977;0.16934728960196355;0.023733311825657532;0.10085379099141843;0.7999430830253094;0.9465849301238454;1;1;1;1;1;3;3;3;3;3;False;LBFGSB;None;28.67559607161865
2235.260895292568;0.4017388285283547;0.8492487993892204;0.057183519261718524;0.2287340770468741;0.5;0.02159502869830768;0.039180935635640554;0.5;0.7999430830253094;0.9465849301238454;0.4017388285283547;0.8492487993892204;0.019462084276440493;0.2664555120321521;0.23109373888308488;0.24100652100164935;0.14994014832944952;0.08317228836312149;0.7999430830253094;0.9465849301238454;1;1;1;1;1;3;3;3;3;3;False;LBFGSB;None;28.67559607161865
2235.260895292568;0.4017388285283547;0.8492487993892204;0.057183519261718524;0.2287340770468741;0.5;0.02159502869830768;0.039180935635640554;0.5;0.7999430830253094;0.9465849301238454;0.4017388285283547;0.8492487993892204;0.056497639271311746;0.22941995703728085;0.10326680668203743;0.06645371452369667;0.08037188193805037;0.22322278881744725;0.7999430830253094;0.9465849301238454;1;1;1;1;1;3;3;3;3;3;False;LBFGSB;None;28.67559607161865
2235.260895292568;0.4017388285283547;0.8492487993892204;0.057183519261718524;0.2287340770468741;0.5;0.02159502869830768;0.039180935635640554;0.5;0.7999430830253094;0.9465849301238454;0.4017388285283547;0.8492487993892204;0.09821146805551327;0.1877061282530793;0.06748091901080458;0.14254681303175545;0.2940588640259724;0.14437683944218274;0.7999430830253094;0.9465849301238454;1;1;1;1;1;3;3;3;3;3;False;LBFGSB;None;28.67559607161865
2235.260895292568;0.4017388285283547;0.8492487993892204;0.057183519261718524;0.2287340770468741;0.5;0.02159502869830768;0.039180935635640554;0.5;0.7999430830253094;0.9465849301238454;0.4017388285283547;0.8492487993892204;0.08137814306526386;0.20453945324332873;0.13814530527799646;0.28036351559578687;0.1489910339654333;0.12765726983551726;0.7999430830253094;0.9465849301238454;1;1;1;1;1;3;3;3;3;3;False;LBFGSB;None;28.67559607161865
2235.260895292568;0.4017388285283547;0.8492487993892204;0.057183519261718524;0.2287340770468741;0.5;0.02159502869830768;0.039180935635640554;0.5;0.7999430830253094;0.9465849301238454;0.4017388285283547;0.8492487993892204;0.12724072825460173;0.15867686805399087;0.10901028393339109;0.14094510185713402;0.17891706281731964;0.23028731804302663;0.7999430830253094;0.9465849301238454;1;1;1;1;1;3;3;3;3;3;False;LBFGSB;None;28.67559607161865
2235.260895292568;0.4017388285283547;0.8492487993892204;0.057183519261718524;0.2287340770468741;0.5;0.02159502869830768;0.039180935635640554;0.5;0.7999430830253094;0.9465849301238454;0.4017388285283547;0.8492487993892204;0.21464297310866037;0.07127462319993222;0.261009936329383;0.1625288266645454;0.16150707718300783;0.17273568542381265;0.7999430830253094;0.9465849301238454;1;1;1;1;1;3;3;3;3;3;False;LBFGSB;None;28.67559607161865
2235.260895292568;0.4017388285283547;0.8492487993892204;0.057183519261718524;0.2287340770468741;0.5;0.02159502869830768;0.039180935635640554;0.5;0.7999430830253094;0.9465849301238454;0.4017388285283547;0.8492487993892204;0.2326446007987048;0.05327299550988779;0.22095808908392786;0.25094106115482845;0.27433450860519537;0.2742958741810531;0.7999430830253094;0.9465849301238454;1;1;1;1;1;3;3;3;3;3;False;LBFGSB;None;28.67559607161865
2235.260895292568;0.4017388285283547;0.8492487993892204;0.057183519261718524;0.2287340770468741;0.5;0.02159502869830768;0.039180935635640554;0.5;0.7999430830253094;0.9465849301238454;0.4017388285283547;0.8492487993892204;0.12721153928354056;0.15870605702505203;0.2087313600202078;0.10038126774038726;0.29790472705082366;0.2653773881607307;0.7999430830253094;0.9465849301238454;1;1;1;1;1;3;3;3;3;3;False;LBFGSB;None;28.67559607161865
2235.260895292568;0.4017388285283547;0.8492487993892204;0.057183519261718524;0.2287340770468741;0.5;0.02159502869830768;0.039180935635640554;0.5;0.7999430830253094;0.9465849301238454;0.4017388285283547;0.8492487993892204;0.011681335725929535;0.27423626058266304;0.21564167934289544;0.2421568837454468;0.05724652002094287;0.12146081200207226;0.7999430830253094;0.9465849301238454;1;1;1;1;1;3;3;3;3;3;False;LBFGSB;None;28.67559607161865
2235.260895292568;0.4017388285283547;0.8492487993892204;0.057183519261718524;0.2287340770468741;0.5;0.02159502869830768;0.039180935635640554;0.5;0.7999430830253094;0.9465849301238454;0.4017388285283547;0.8492487993892204;0.07555718841974093;0.21036040788885166;0.0903783236105207;0.26557957147090233;0.11393350984057268;0.14259607365325047;0.7999430830253094;0.9465849301238454;1;1;1;1;1;3;3;3;3;3;False;LBFGSB;None;28.67559607161865
2235.260895292568;0.4017388285283547;0.8492487993892204;0.057183519261718524;0.2287340770468741;0.5;0.02159502869830768;0.039180935635640554;0.5;0.7999430830253094;0.9465849301238454;0.4017388285283547;0.8492487993892204;0.14411201603093907;0.14180558027765353;0.18008608519621094;0.14000540797661895;0.010769296982075637;0.2151517305609881;0.7999430830253094;0.9465849301238454;1;1;1;1;1;3;3;3;3;3;False;LBFGSB;None;28.67559607161865
2235.260895292568;0.4017388285283547;0.8492487993892204;0.057183519261718524;0.2287340770468741;0.5;0.02159502869830768;0.039180935635640554;0.5;0.7999430830253094;0.9465849301238454;0.4017388285283547;0.8492487993892204;0.28040287376278544;0.005514722545807149;0.12544300506290096;0.18734672586342654;0.2564388439519094;0.24725319168350607;0.7999430830253094;0.9465849301238454;1;1;1;1;1;3;3;3;3;3;False;LBFGSB;None;28.67559607161865
2235.260895292568;0.4017388285283547;0.8492487993892204;0.057183519261718524;0.2287340770468741;0.5;0.02159502869830768;0.039180935635640554;0.5;0.7999430830253094;0.9465849301238454;0.4017388285283547;0.8492487993892204;0.1569942604310032;0.1289233358775894;0.08649936520468701;0.02455594198628743;0.17178175348465358;0.04275373548110406;0.7999430830253094;0.9465849301238454;1;1;1;1;1;3;3;3;3;3;False;LBFGSB;None;28.67559607161865
2235.260895292568;0.4017388285283547;0.8492487993892204;0.057183519261718524;0.2287340770468741;0.5;0.02159502869830768;0.039180935635640554;0.5;0.7999430830253094;0.9465849301238454;0.4017388285283547;0.8492487993892204;0.07034435622100635;0.21557324008758624;0.0476371937647937;0.08490332498951848;0.19430761071190947;0.21973937236500427;0.7999430830253094;0.9465849301238454;1;1;1;1;1;3;3;3;3;3;False;LBFGSB;None;28.67559607161865
2235.260895292568;0.4017388285283547;0.8492487993892204;0.057183519261718524;0.2287340770468741;0.5;0.02159502869830768;0.039180935635640554;0.5;0.7999430830253094;0.9465849301238454;0.4017388285283547;0.8492487993892204;0.09244308968938485;0.19347450661920773;0.1454549937796858;0.2498427886359505;0.19488229339905397;0.08401336602669145;0.7999430830253094;0.9465849301238454;1;1;1;1;1;3;3;3;3;3;False;LBFGSB;None;28.67559607161865
2235.260895292568;0.4017388285283547;0.8492487993892204;0.057183519261718524;0.2287340770468741;0.5;0.02159502869830768;0.039180935635640554;0.5;0.7999430830253094;0.9465849301238454;0.4017388285283547;0.8492487993892204;0.2014025048362847;0.0845150914723079;0.07578928039816075;0.2915178989017364;0.14621904049459614;0.20086819812271176;0.7999430830253094;0.9465849301238454;1;1;1;1;1;3;3;3;3;3;False;LBFGSB;None;28.67559607161865
2235.260895292568;0.4017388285283547;0.8492487993892204;0.057183519261718524;0.2287340770468741;0.5;0.02159502869830768;0.039180935635640554;0.5;0.7999430830253094;0.9465849301238454;0.4017388285283547;0.8492487993892204;0.1371719649500267;0.1487456313585659;0.06573907796626073;0.14673890857509272;0.014612155598096442;0.26797913762256226;0.7999430830253094;0.9465849301238454;1;1;1;1;1;3;3;3;3;3;False;LBFGSB;None;28.67559607161865
2235.260895292568;0.4017388285283547;0.8492487993892204;0.057183519261718524;0.2287340770468741;0.5;0.02159502869830768;0.039180935635640554;0.5;0.7999430830253094;0.9465849301238454;0.4017388285283547;0.8492487993892204;0.18922583966471557;0.09669175664387702;0.28948490129804405;0.13792203507166279;0.17803016004499336;0.06657377110574324;0.7999430830253094;0.9465849301238454;1;1;1;1;1;3;3;3;3;3;False;LBFGSB;None;28.67559607161865
2235.260895292568;0.4017388285283547;0.8492487993892204;0.057183519261718524;0.2287340770468741;0.5;0.02159502869830768;0.039180935635640554;0.5;0.7999430830253094;0.9465849301238454;0.4017388285283547;0.8492487993892204;0.197860330542308;0.08805726576628459;0.17309094947260523;0.032260349868255045;0.25713124879020804;0.2407517748768064;0.7999430830253094;0.9465849301238454;1;1;1;1;1;3;3;3;3;3;False;LBFGSB;None;28.67559607161865
2235.260895292568;0.4017388285283547;0.8492487993892204;0.057183519261718524;0.2287340770468741;0.5;0.02159502869830768;0.039180935635640554;0.5;0.7999430830253094;0.9465849301238454;0.4017388285283547;0.8492487993892204;0.011132042956061891;0.2747855533525307;0.21029670119873564;0.07559850803378929;0.2298049315189679;0.27591030783932247;0.7999430830253094;0.9465849301238454;1;1;1;1;1;3;3;3;3;3;False;LBFGSB;None;28.67559607161865
2235.260895292568;0.4017388285283547;0.8492487993892204;0.057183519261718524;0.2287340770468741;0.5;0.02159502869830768;0.039180935635640554;0.5;0.7999430830253094;0.9465849301238454;0.4017388285283547;0.8492487993892204;0.1463086837395282;0.13960891256906438;0.07930387790870032;0.06590216879732187;0.04972317147890861;0.010429736614583473;0.7999430830253094;0.9465849301238454;1;1;1;1;1;3;3;3;3;3;False;LBFGSB;None;28.67559607161865
2235.260895292568;0.4017388285283547;0.8492487993892204;0.057183519261718524;0.2287340770468741;0.5;0.02159502869830768;0.039180935635640554;0.5;0.7999430830253094;0.9465849301238454;0.4017388285283547;0.8492487993892204;0.05756682069945887;0.22835077560913372;0.04414956352158282;0.054773015145647884;0.058723173707193606;0.20168528098612706;0.7999430830253094;0.9465849301238454;1;1;1;1;1;3;3;3;3;3;False;LBFGSB;None;28.67559607161865
2235.260895292568;0.4017388285283547;0.8492487993892204;0.057183519261718524;0.2287340770468741;0.5;0.02159502869830768;0.039180935635640554;0.5;0.7999430830253094;0.9465849301238454;0.4017388285283547;0.8492487993892204;0.010616421848568484;0.2753011744600241;0.03586439041806911;0.23702277666537633;0.20784164546543785;0.07085839110077903;0.7999430830253094;0.9465849301238454;1;1;1;1;1;3;3;3;3;3;False;LBFGSB;None;28.67559607161865
2235.260895292568;0.4017388285283547;0.8492487993892204;0.057183519261718524;0.2287340770468741;0.5;0.02159502869830768;0.039180935635640554;0.5;0.7999430830253094;0.9465849301238454;0.4017388285283547;0.8492487993892204;0.04050776740350624;0.24540982890508634;0.07201696067857392;0.1200136947467369;0.09895437261728937;0.0079974539779455;0.7999430830253094;0.9465849301238454;1;1;1;1;1;3;3;3;3;3;False;LBFGSB;None;28.67559607161865
2235.260895292568;0.4017388285283547;0.8492487993892204;0.057183519261718524;0.2287340770468741;0.5;0.02159502869830768;0.039180935635640554;0.5;0.7999430830253094;0.9465849301238454;0.4017388285283547;0.8492487993892204;0.022513902110080728;0.26340369419851184;0.25274645421295416;0.19452162192268935;0.1060878573091778;0.13854258148503693;0.7999430830253094;0.9465849301238454;1;1;1;1;1;3;3;3;3;3;False;LBFGSB;None;28.67559607161865
2235.260895292568;0.4017388285283547;0.8492487993892204;0.057183519261718524;0.2287340770468741;0.5;0.02159502869830768;0.039180935635640554;0.5;0.7999430830253094;0.9465849301238454;0.4017388285283547;0.8492487993892204;0.011094810213894024;0.27482278609469857;0.25883285054535754;0.29768881207403;0.24044738499581736;0.0828934890332671;0.7999430830253094;0.9465849301238454;1;1;1;1;1;3;3;3;3;3;False;LBFGSB;None;28.67559607161865
2235.260895292568;0.4017388285283547;0.8492487993892204;0.057183519261718524;0.2287340770468741;0.5;0.02159502869830768;0.039180935635640554;0.5;0.7999430830253094;0.9465849301238454;0.4017388285283547;0.8492487993892204;0.10187684926396136;0.18404074704463125;0.25528884597991575;0.20575349597358794;0.2179521885226733;0.0615896032760685;0.7999430830253094;0.9465849301238454;1;1;1;1;1;3;3;3;3;3;False;LBFGSB;None;28.67559607161865
2235.260895292568;0.4017388285283547;0.8492487993892204;0.057183519261718524;0.2287340770468741;0.5;0.02159502869830768;0.039180935635640554;0.5;0.7999430830253094;0.9465849301238454;0.4017388285283547;0.8492487993892204;0.2100799921499142;0.07583760415867838;0.047016622971844134;0.06041960638606189;0.17964234992685996;0.2568885570221307;0.7999430830253094;0.9465849301238454;1;1;1;1;1;3;3;3;3;3;False;LBFGSB;None;28.67559607161865
2235.260895292568;0.4017388285283547;0.8492487993892204;0.057183519261718524;0.2287340770468741;0.5;0.02159502869830768;0.039180935635640554;0.5;0.7999430830253094;0.9465849301238454;0.4017388285283547;0.8492487993892204;0.2792188162513521;0.006698780057240505;0.07206708226231126;0.2003880619124876;0.11175686932601663;0.06576182803659668;0.7999430830253094;0.9465849301238454;1;1;1;1;1;3;3;3;3;3;False;LBFGSB;None;28.67559607161865
2235.260895292568;0.4017388285283547;0.8492487993892204;0.057183519261718524;0.2287340770468741;0.5;0.02159502869830768;0.039180935635640554;0.5;0.7999430830253094;0.9465849301238454;0.4017388285283547;0.8492487993892204;0.23103740136509185;0.05488019494350074;0.08514431434819575;0.10352580659622623;0.026419934971352785;0.26329124053682024;0.7999430830253094;0.9465849301238454;1;1;1;1;1;3;3;3;3;3;False;LBFGSB;None;28.67559607161865
2235.260895292568;0.4017388285283547;0.8492487993892204;0.057183519261718524;0.2287340770468741;0.5;0.02159502869830768;0.039180935635640554;0.5;0.7999430830253094;0.9465849301238454;0.4017388285283547;0.8492487993892204;0.27814400153443464;0.007773594774157955;0.15177073034639382;0.037608968751191275;0.1316277540557631;0.28616515547772586;0.7999430830253094;0.9465849301238454;1;1;1;1;1;3;3;3;3;3;False;LBFGSB;None;28.67559607161865
2235.260895292568;0.4017388285283547;0.8492487993892204;0.057183519261718524;0.2287340770468741;0.5;0.02159502869830768;0.039180935635640554;0.5;0.7999430830253094;0.9465849301238454;0.4017388285283547;0.8492487993892204;0.03448845067839855;0.25142914563019403;0.14093765199792552;0.0788831314803473;0.27737281519508666;0.09841356343378163;0.7999430830253094;0.9465849301238454;1;1;1;1;1;3;3;3;3;3;False;LBFGSB;None;28.67559607161865
2235.260895292568;0.4017388285283547;0.8492487993892204;0.057183519261718524;0.2287340770468741;0.5;0.02159502869830768;0.039180935635640554;0.5;0.7999430830253094;0.9465849301238454;0.4017388285283547;0.8492487993892204;0.02547725261007189;0.2604403436985207;0.005166563702964711;0.22822868533610363;0.11309702803777005;0.23173049499596182;0.7999430830253094;0.9465849301238454;1;1;1;1;1;3;3;3;3;3;False;LBFGSB;None;28.67559607161865
2235.260895292568;0.4017388285283547;0.8492487993892204;0.057183519261718524;0.2287340770468741;0.5;0.02159502869830768;0.039180935635640554;0.5;0.7999430830253094;0.9465849301238454;0.4017388285283547;0.8492487993892204;0.27611206059680926;0.00980553571178333;0.19516073264894893;0.08420856825922675;0.28392424376186925;0.14444989137908978;0.7999430830253094;0.9465849301238454;1;1;1;1;1;3;3;3;3;3;False;LBFGSB;None;28.67559607161865
2235.260895292568;0.4017388285283547;0.8492487993892204;0.057183519261718524;0.2287340770468741;0.5;0.02159502869830768;0.039180935635640554;0.5;0.7999430830253094;0.9465849301238454;0.4017388285283547;0.8492487993892204;0.08769461839755922;0.19822297791103338;0.2883246530942095;0.23708400763972148;0.19893236831774738;0.2622539231955338;0.7999430830253094;0.9465849301238454;1;1;1;1;1;3;3;3;3;3;False;LBFGSB;None;28.67559607161865
2235.260895292568;0.4017388285283547;0.8492487993892204;0.057183519261718524;0.2287340770468741;0.5;0.021595030670284655;0.03918093524517488;0.5;0.7999430830253094;0.9465849301238454;0.4017388285283547;0.8492487993892204;0.002551848158697686;0.2833657481498949;0.14039244286996597;0.04388593754461214;0.2540945589207359;0.10618807599633151;0.7999430830253094;0.9465849301238454;1;1;1;1;1;3;3;3;3;3;False;LBFGSB;None;28.67559607161865
2235.2608952950604;0.4017388285283547;0.8492487993892204;0.057183519261718524;0.2287340770468741;0.5;0.02159492189344769;0.03918113130485162;0.5;0.7999430830253094;0.9465849301238454;0.4017388285283547;0.8492487993892204;0.04983384061977824;0.23608375568881435;0.12060248007337317;0.2770980849749847;0.1281850816427462;0.046419473615545256;0.7999430830253094;0.9465849301238454;1;1;1;1;1;3;3;3;3;3;False;LBFGSB;None;28.67559607161865
2235.260895292568;0.4017388285283547;0.8492487993892204;0.057183519261718524;0.2287340770468741;0.5;0.02159502869830768;0.039180935635640554;0.5;0.7999430830253094;0.9465849301238454;0.4017388285283547;0.8492487993892204;0.11792215711891761;0.16799543918967497;0.17199213653818618;0.04524835136365863;0.05025865053303295;0.16676380438144858;0.7999430830253094;0.9465849301238454;1;1;1;1;1;3;3;3;3;3;False;LBFGSB;None;28.67559607161865
2235.260895292568;0.4017388285283547;0.8492487993892204;0.057183519261718524;0.2287340770468741;0.5;0.02159502869830768;0.039180935635640554;0.5;0.7999430830253094;0.9465849301238454;0.4017388285283547;0.8492487993892204;0.06268200662982683;0.22323558967876578;0.09368286828439167;0.028791593118312562;0.0800653433684701;0.02099097627813269;0.7999430830253094;0.9465849301238454;1;1;1;1;1;3;3;3;3;3;False;LBFGSB;None;28.67559607161865
2235.260895292568;0.4017388285283547;0.8492487993892204;0.057183519261718524;0.2287340770468741;0.5;0.02159502869830768;0.039180935635640554;0.5;0.7999430830253094;0.9465849301238454;0.4017388285283547;0.8492487993892204;0.14435841481896147;0.14155918148963112;0.07044090506728708;0.18613087963702743;0.2674622004170839;0.26690582028133747;0.7999430830253094;0.9465849301238454;1;1;1;1;1;3;3;3;3;3;False;LBFGSB;None;28.67559607161865
2235.260895292603;0.4017388285283547;0.8492487993892204;0.057183519261718524;0.2287340770468741;0.5;0.02159502175102866;0.03918093560494868;0.5;0.7999430830253094;0.9465849301238454;0.4017388285283547;0.8492487993892204;0.0126331461718294;0.27328445013676317;0.15980341064710094;0.1594894822658601;0.11890586309884275;0.015953575467112225;0.7999430830253094;0.9465849301238454;1;1;1;1;1;3;3;3;3;3;False;LBFGSB;None;28.67559607161865
2235.260895292568;0.4017388285283547;0.8492487993892204;0.057183519261718524;0.2287340770468741;0.5;0.02159502869830768;0.039180935635640554;0.5;0.7999430830253094;0.9465849301238454;0.4017388285283547;0.8492487993892204;0.15516482383954755;0.13075277246904504;0.1779273226219976;0.21583053768396376;0.07198864768167121;0.2745667410542207;0.7999430830253094;0.9465849301238454;1;1;1;1;1;3;3;3;3;3;False;LBFGSB;None;28.67559607161865
2235.260895292568;0.4017388285283547;0.8492487993892204;0.057183519261718524;0.2287340770468741;0.5;0.02159502869830768;0.039180935635640554;0.5;0.7999430830253094;0.9465849301238454;0.4017388285283547;0.8492487993892204;0.05983753594467202;0.2260800603639206;0.2140840179745247;0.1729770905064741;0.29119448122228375;0.04281941257803847;0.7999430830253094;0.9465849301238454;1;1;1;1;1;3;3;3;3;3;False;LBFGSB;None;28.67559607161865
2235.260895292568;0.4017388285283547;0.8492487993892204;0.057183519261718524;0.2287340770468741;0.5;0.02159502869830768;0.039180935635640554;0.5;0.7999430830253094;0.9465849301238454;0.4017388285283547;0.8492487993892204;0.21061065601327636;0.07530694029531623;0.01978321524397918;0.22331337119363867;0.15681634007222336;0.031403664606688975;0.7999430830253094;0.9465849301238454;1;1;1;1;1;3;3;3;3;3;False;LBFGSB;None;28.67559607161865
2235.260895295108;0.4017388285283547;0.8492487993892204;0.057183519261718524;0.2287340770468741;0.5;0.02159492142760028;0.039181090257490704;0.5;0.7999430830253094;0.9465849301238454;0.4017388285283547;0.8492487993892204;0.04847965418219374;0.23743794212639885;0.15099229137948716;0.28195735770578473;0.053682565241341594;0.2411669456837382;0.7999430830253094;0.9465849301238454;1;1;1;1;1;3;3;3;3;3;False;LBFGSB;None;28.67559607161865
2235.260895292568;0.4017388285283547;0.8492487993892204;0.057183519261718524;0.2287340770468741;0.5;0.02159502869830768;0.039180935635640554;0.5;0.7999430830253094;0.9465849301238454;0.4017388285283547;0.8492487993892204;0.16518893095414738;0.12072866535444521;0.14085371369802097;0.29893482598735516;0.05363885196478513;0.22824472026759396;0.7999430830253094;0.9465849301238454;1;1;1;1;1;3;3;3;3;3;False;LBFGSB;None;28.67559607161865
2235.260895292568;0.4017388285283547;0.8492487993892204;0.057183519261718524;0.2287340770468741;0.5;0.02159502869830768;0.039180935635640554;0.5;0.7999430830253094;0.9465849301238454;0.4017388285283547;0.8492487993892204;0.09356704026375476;0.19235055604483783;0.058011201954702635;0.2872739082473206;0.2880302646056667;0.26334518817558983;0.7999430830253094;0.9465849301238454;1;1;1;1;1;3;3;3;3;3;False;LBFGSB;None;28.67559607161865
2235.260895292568;0.4017388285283547;0.8492487993892204;0.057183519261718524;0.2287340770468741;0.5;0.02159502869830768;0.039180935635640554;0.5;0.7999430830253094;0.9465849301238454;0.4017388285283547;0.8492487993892204;0.10405153623893959;0.181866060069653;0.26713634607813075;0.12816525658714292;0.04968186615601964;0.17706528311757017;0.7999430830253094;0.9465849301238454;1;1;1;1;1;3;3;3;3;3;False;LBFGSB;None;28.67559607161865
2235.260895292568;0.4017388285283547;0.8492487993892204;0.057183519261718524;0.2287340770468741;0.5;0.02159502869830768;0.039180935635640554;0.5;0.7999430830253094;0.9465849301238454;0.4017388285283547;0.8492487993892204;0.13989982208921797;0.14601777421937462;0.094737005201503;0.05090175456585839;0.00035971465526994927;0.07986480586939261;0.7999430830253094;0.9465849301238454;1;1;1;1;1;3;3;3;3;3;False;LBFGSB;None;28.67559607161865
2235.260895292568;0.4017388285283547;0.8492487993892204;0.057183519261718524;0.2287340770468741;0.5;0.02159502869830768;0.039180935635640554;0.5;0.7999430830253094;0.9465849301238454;0.4017388285283547;0.8492487993892204;0.1999176204144178;0.0859999758941748;0.22222889888667194;0.27023592819029724;0.26227786619599774;0.18387631322881146;0.7999430830253094;0.9465849301238454;1;1;1;1;1;3;3;3;3;3;False;LBFGSB;None;28.67559607161865
2235.260895292568;0.4017388285283547;0.8492487993892204;0.057183519261718524;0.2287340770468741;0.5;0.02159502869830768;0.039180935635640554;0.5;0.7999430830253094;0.9465849301238454;0.4017388285283547;0.8492487993892204;0.2524869855274462;0.0334306107811464;0.08746558135210804;0.16374522808743758;0.19096896758514173;0.25928288562752255;0.7999430830253094;0.9465849301238454;1;1;1;1;1;3;3;3;3;3;False;LBFGSB;None;28.67559607161865
2235.260895292568;0.4017388285283547;0.8492487993892204;0.057183519261718524;0.2287340770468741;0.5;0.02159502869830768;0.039180935635640554;0.5;0.7999430830253094;0.9465849301238454;0.4017388285283547;0.8492487993892204;0.2819465488904946;0.003971047418098006;0.29726547154774374;0.13217085978424228;0.1546444240144549;0.1372049679575895;0.7999430830253094;0.9465849301238454;1;1;1;1;1;3;3;3;3;3;False;LBFGSB;None;28.67559607161865
2235.260895292561;0.4017388285283547;0.8492487993892204;0.057183519261718524;0.2287340770468741;0.5;0.021595026976823674;0.03918096233178821;0.5;0.7999430830253094;0.9465849301238454;0.4017388285283547;0.8492487993892204;0.01723634479445079;0.2686812515141418;0.10693409050229147;0.025668452518592254;0.15975432595063643;0.26674019496488965;0.7999430830253094;0.9465849301238454;1;1;1;1;1;3;3;3;3;3;False;LBFGSB;None;28.67559607161865
2235.260895292568;0.4017388285283547;0.8492487993892204;0.057183519261718524;0.2287340770468741;0.5;0.02159502869830768;0.039180935635640554;0.5;0.7999430830253094;0.9465849301238454;0.4017388285283547;0.8492487993892204;0.0634125180669569;0.22250507824163568;0.28065548959318776;0.253522565509468;0.2047656910512013;0.2933860611775449;0.7999430830253094;0.9465849301238454;1;1;1;1;1;3;3;3;3;3;False;LBFGSB;None;28.67559607161865
2235.260895292609;0.4017388285283547;0.8492487993892204;0.057183519261718524;0.2287340770468741;0.5;0.021595022579372125;0.03918092796867352;0.5;0.7999430830253094;0.9465849301238454;0.4017388285283547;0.8492487993892204;0.012743580013833633;0.27317401629475896;0.1756030126817028;0.27327915782552586;0.14698600254880856;0.061004555655340874;0.7999430830253094;0.9465849301238454;1;1;1;1;1;3;3;3;3;3;False;LBFGSB;None;28.67559607161865
2235.2608952926216;0.4017388285283547;0.8492487993892204;0.057183519261718524;0.2287340770468741;0.5;0.021595019403857066;0.0391809326500487;0.5;0.7999430830253094;0.9465849301238454;0.4017388285283547;0.8492487993892204;0.007390447241441474;0.2785271490671511;0.24770315628488537;0.2402817794580122;0.00011869132172460661;0.27015482026847226;0.7999430830253094;0.9465849301238454;1;1;1;1;1;3;3;3;3;3;False;LBFGSB;None;28.67559607161865
2235.260895292568;0.4017388285283547;0.8492487993892204;0.057183519261718524;0.2287340770468741;0.5;0.02159502869830768;0.039180935635640554;0.5;0.7999430830253094;0.9465849301238454;0.4017388285283547;0.8492487993892204;0.0735659356470311;0.2123516606615615;0.26515834432472457;0.17285447285393138;0.07921693069273851;0.05621626381550558;0.7999430830253094;0.9465849301238454;1;1;1;1;1;3;3;3;3;3;False;LBFGSB;None;28.67559607161865
2235.260895292568;0.4017388285283547;0.8492487993892204;0.057183519261718524;0.2287340770468741;0.5;0.02159502869830768;0.039180935635640554;0.5;0.7999430830253094;0.9465849301238454;0.4017388285283547;0.8492487993892204;0.2777061976320902;0.00821139867650239;0.1013417334127035;0.1797732452029659;0.1350899934580795;0.24850604214546085;0.7999430830253094;0.9465849301238454;1;1;1;1;1;3;3;3;3;3;False;LBFGSB;None;28.67559607161865
2235.260895292568;0.4017388285283547;0.8492487993892204;0.057183519261718524;0.2287340770468741;0.5;0.02159502869830768;0.039180935635640554;0.5;0.7999430830253094;0.9465849301238454;0.4017388285283547;0.8492487993892204;0.07709362455646294;0.20882397175212963;0.20606229951620267;0.026170961137248837;0.2507063124964679;0.05233997234916241;0.7999430830253094;0.9465849301238454;1;1;1;1;1;3;3;3;3;3;False;LBFGSB;None;28.67559607161865
2235.260895292568;0.4017388285283547;0.8492487993892204;0.057183519261718524;0.2287340770468741;0.5;0.02159502869830768;0.039180935635640554;0.5;0.7999430830253094;0.9465849301238454;0.4017388285283547;0.8492487993892204;0.24298104733412207;0.04293654897447052;0.11188225774583682;0.09439796161135672;0.07370134607733626;0.010489744632659037;0.7999430830253094;0.9465849301238454;1;1;1;1;1;3;3;3;3;3;False;LBFGSB;None;28.67559607161865
2235.260895292568;0.4017388285283547;0.8492487993892204;0.057183519261718524;0.2287340770468741;0.5;0.02159502869830768;0.039180935635640554;0.5;0.7999430830253094;0.9465849301238454;0.4017388285283547;0.8492487993892204;0.16357827354616444;0.12233932276242815;0.20816279010434952;0.2521338583901195;0.2775821846727518;0.17770924605151434;0.7999430830253094;0.9465849301238454;1;1;1;1;1;3;3;3;3;3;False;LBFGSB;None;28.67559607161865
2235.260895292568;0.4017388285283547;0.8492487993892204;0.057183519261718524;0.2287340770468741;0.5;0.02159502869830768;0.039180935635640554;0.5;0.7999430830253094;0.9465849301238454;0.4017388285283547;0.8492487993892204;0.24878133802364286;0.037136258284949736;0.21518015734977466;0.27170557520227634;0.026486735056517406;0.13070090279430074;0.7999430830253094;0.9465849301238454;1;1;1;1;1;3;3;3;3;3;False;LBFGSB;None;28.67559607161865
2235.260895292568;0.4017388285283547;0.8492487993892204;0.057183519261718524;0.2287340770468741;0.5;0.02159502869830768;0.039180935635640554;0.5;0.7999430830253094;0.9465849301238454;0.4017388285283547;0.8492487993892204;0.23641593137816494;0.04950166493042765;0.1622735223925044;0.18108790277988895;0.09352648371928836;0.07815644281214625;0.7999430830253094;0.9465849301238454;1;1;1;1;1;3;3;3;3;3;False;LBFGSB;None;28.67559607161865
2269.423894660524;0.4017388285283547;0.8492487993892204;0.057183519261718524;0.2287340770468741;0.5;0.02141250189836586;0.01857828285342433;0.5;0.7999430830253094;0.9465849301238454;0.4017388285283547;0.8492487993892204;0.2753241667474427;0.010593429561149892;0.15813238542096136;0.13806009341663314;0.0912830722933025;0.1513021460862067;0.7999430830253094;0.9465849301238454;1;1;1;1;1;3;3;3;3;3;False;LBFGSB;None;28.67559607161865
2269.423894660524;0.4017388285283547;0.8492487993892204;0.057183519261718524;0.2287340770468741;0.5;0.02141250189836586;0.01857828285342433;0.5;0.7999430830253094;0.9465849301238454;0.4017388285283547;0.8492487993892204;0.18302217429261855;0.10289542201597404;0.25875365510489334;0.18828577516569192;0.15176007882232276;0.17754677038542835;0.7999430830253094;0.9465849301238454;1;1;1;1;1;3;3;3;3;3;False;LBFGSB;None;28.67559607161865
2269.423894660524;0.4017388285283547;0.8492487993892204;0.057183519261718524;0.2287340770468741;0.5;0.02141250189836586;0.01857828285342433;0.5;0.7999430830253094;0.9465849301238454;0.4017388285283547;0.8492487993892204;0.24067423569149257;0.04524336061710002;0.043513534655864605;0.1710901096710046;0.15060958150253054;0.23821341353677183;0.7999430830253094;0.9465849301238454;1;1;1;1;1;3;3;3;3;3;False;LBFGSB;None;28.67559607161865
2269.423894660524;0.4017388285283547;0.8492487993892204;0.057183519261718524;0.2287340770468741;0.5;0.02141250189836586;0.01857828285342433;0.5;0.7999430830253094;0.9465849301238454;0.4017388285283547;0.8492487993892204;0.18679212433733225;0.09912547197126034;0.07539776518510734;0.2566947669831672;0.21830028091169573;0.18007212801945716;0.7999430830253094;0.9465849301238454;1;1;1;1;1;3;3;3;3;3;False;LBFGSB;None;28.67559607161865
2269.423894660524;0.4017388285283547;0.8492487993892204;0.057183519261718524;0.2287340770468741;0.5;0.02141250189836586;0.01857828285342433;0.5;0.7999430830253094;0.9465849301238454;0.4017388285283547;0.8492487993892204;0.07336026294175785;0.21255733336683474;0.17444249738773082;0.1884613139319746;0.19042037455461702;0.12581620155504805;0.7999430830253094;0.9465849301238454;1;1;1;1;1;3;3;3;3;3;False;LBFGSB;None;28.67559607161865
2269.423894660524;0.4017388285283547;0.8492487993892204;0.057183519261718524;0.2287340770468741;0.5;0.02141250189836586;0.01857828285342433;0.5;0.7999430830253094;0.9465849301238454;0.4017388285283547;0.8492487993892204;0.24118097581881565;0.044736620489776946;0.035072795374647324;0.04471822076690718;0.15756722926258152;0.28741796134203834;0.7999430830253094;0.9465849301238454;1;1;1;1;1;3;3;3;3;3;False;LBFGSB;None;28.67559607161865
2269.423894660524;0.4017388285283547;0.8492487993892204;0.057183519261718524;0.2287340770468741;0.5;0.02141250189836586;0.01857828285342433;0.5;0.7999430830253094;0.9465849301238454;0.4017388285283547;0.8492487993892204;0.2656039820788936;0.020313614229699017;0.2883091631170976;0.12193693535421254;0.1626174102194749;0.25962063745381686;0.7999430830253094;0.9465849301238454;1;1;1;1;1;3;3;3;3;3;False;LBFGSB;None;28.67559607161865
2269.423894660524;0.4017388285283547;0.8492487993892204;0.057183519261718524;0.2287340770468741;0.5;0.02141250189836586;0.01857828285342433;0.5;0.7999430830253094;0.9465849301238454;0.4017388285283547;0.8492487993892204;0.11231625936004624;0.17360133694854635;0.03707419375900761;0.17650293632099123;0.13133306143093124;0.046674031252587435;0.7999430830253094;0.9465849301238454;1;1;1;1;1;3;3;3;3;3;False;LBFGSB;None;28.67559607161865
2269.423894660524;0.4017388285283547;0.8492487993892204;0.057183519261718524;0.2287340770468741;0.5;0.02141250189836586;0.01857828285342433;0.5;0.7999430830253094;0.9465849301238454;0.4017388285283547;0.8492487993892204;0.179767213772225;0.1061503825363676;0.2551468300039719;0.1050118032580987;0.09576054141881679;0.03062273835192021;0.7999430830253094;0.9465849301238454;1;1;1;1;1;3;3;3;3;3;False;LBFGSB;None;28.67559607161865
2269.423894660524;0.4017388285283547;0.8492487993892204;0.057183519261718524;0.2287340770468741;0.5;0.02141250189836586;0.01857828285342433;0.5;0.7999430830253094;0.9465849301238454;0.4017388285283547;0.8492487993892204;0.1024667227870604;0.1834508735215322;0.1244265562968929;0.03476805245534755;0.2866096138419334;0.2268072944405362;0.7999430830253094;0.9465849301238454;1;1;1;1;1;3;3;3;3;3;False;LBFGSB;None;28.67559607161865
2269.423894660524;0.4017388285283547;0.8492487993892204;0.057183519261718524;0.2287340770468741;0.5;0.02141250189836586;0.01857828285342433;0.5;0.7999430830253094;0.9465849301238454;0.4017388285283547;0.8492487993892204;0.2589645400897036;0.026953056218888993;0.21648371060256386;0.04133718809906438;0.24522634243740393;0.03535403909559243;0.7999430830253094;0.9465849301238454;1;1;1;1;1;3;3;3;3;3;False;LBFGSB;None;28.67559607161865
2269.423894660524;0.4017388285283547;0.8492487993892204;0.057183519261718524;0.2287340770468741;0.5;0.02141250189836586;0.01857828285342433;0.5;0.7999430830253094;0.9465849301238454;0.4017388285283547;0.8492487993892204;0.09588115079147926;0.19003644551711335;0.2754955265763655;0.2561428740614246;0.007434148426772013;0.12510596853289419;0.7999430830253094;0.9465849301238454;1;1;1;1;1;3;3;3;3;3;False;LBFGSB;None;28.67559607161865
2269.423894660607;0.4017388285283547;0.8492487993892204;0.057183519261718524;0.2287340770468741;0.5;0.021412493184365236;0.01857826654748859;0.5;0.7999430830253094;0.9465849301238454;0.4017388285283547;0.8492487993892204;0.018029898931405386;0.2678876973771872;0.12430171759076018;0.020719602131159007;0.02635903247181186;0.07306635480123325;0.7999430830253094;0.9465849301238454;1;1;1;1;1;3;3;3;3;3;False;LBFGSB;None;28.67559607161865
2269.423894660524;0.4017388285283547;0.8492487993892204;0.057183519261718524;0.2287340770468741;0.5;0.02141250189836586;0.01857828285342433;0.5;0.7999430830253094;0.9465849301238454;0.4017388285283547;0.8492487993892204;0.12012489873030023;0.16579269757829235;0.2947148852251783;0.23168593838218177;0.2675447603997068;0.2557490249957593;0.7999430830253094;0.9465849301238454;1;1;1;1;1;3;3;3;3;3;False;LBFGSB;None;28.67559607161865
2269.423894660551;0.4017388285283547;0.8492487993892204;0.057183519261718524;0.2287340770468741;0.5;0.021412500082009282;0.018578267444808533;0.5;0.7999430830253094;0.9465849301238454;0.4017388285283547;0.8492487993892204;0.027231271143682914;0.2586863251649097;0.1522184437038929;0.17432428793322938;0.06832771392776006;0.05821603923798598;0.7999430830253094;0.9465849301238454;1;1;1;1;1;3;3;3;3;3;False;LBFGSB;None;28.67559607161865
2269.423894660524;0.4017388285283547;0.8492487993892204;0.057183519261718524;0.2287340770468741;0.5;0.02141250189836586;0.01857828285342433;0.5;0.7999430830253094;0.9465849301238454;0.4017388285283547;0.8492487993892204;0.12706412553825186;0.15885347077034073;0.007631516430859308;0.12722537064320996;0.030263069258712583;0.2574777041563877;0.7999430830253094;0.9465849301238454;1;1;1;1;1;3;3;3;3;3;False;LBFGSB;None;28.67559607161865
2269.423894660524;0.4017388285283547;0.8492487993892204;0.057183519261718524;0.2287340770468741;0.5;0.02141250189836586;0.01857828285342433;0.5;0.7999430830253094;0.9465849301238454;0.4017388285283547;0.8492487993892204;0.1851220450367501;0.1007955512718425;0.056461591926901145;0.0129851444552042;0.15717715688591455;0.22733924879731018;0.7999430830253094;0.9465849301238454;1;1;1;1;1;3;3;3;3;3;False;LBFGSB;None;28.67559607161865
2269.4238946605933;0.4017388285283547;0.8492487993892204;0.057183519261718524;0.2287340770468741;0.5;0.021412496310961947;0.018578248893505227;0.5;0.7999430830253094;0.9465849301238454;0.4017388285283547;0.8492487993892204;0.04654427799100936;0.23937331831758324;0.28228793636588373;0.019255827600845432;0.0847069890630504;0.18141647554161158;0.7999430830253094;0.9465849301238454;1;1;1;1;1;3;3;3;3;3;False;LBFGSB;None;28.67559607161865
4919.423894660576;0.4017388285283547;0.8492487993892204;0.057183519261718524;0.2287340770468741;0.5;0.02141249548289645;0.018578276238773783;0.5;0.7999430830253094;0.9465849301238454;0.4017388285283547;0.8492487993892204;0.13047200004631726;0.15544559626227533;0.28509800959806375;0.29813095645644483;0.2645095810594468;0.14795483427327671;0.7999430830253094;0.9465849301238454;1;1;1;1;1;3;3;3;3;3;False;LBFGSB;None;28.67559607161865
4919.423894660576;0.4017388285283547;0.8492487993892204;0.057183519261718524;0.2287340770468741;0.5;0.02141249548289645;0.018578276238773783;0.5;0.7999430830253094;0.9465849301238454;0.4017388285283547;0.8492487993892204;0.15380922290272775;0.13210837340586484;0.007176597428602638;0.26407590929138786;0.14638876605163936;0.22771963389108596;0.7999430830253094;0.9465849301238454;1;1;1;1;1;3;3;3;3;3;False;LBFGSB;None;28.67559607161865
4919.423894660576;0.4017388285283547;0.8492487993892204;0.057183519261718524;0.2287340770468741;0.5;0.02141249548289645;0.018578276238773783;0.5;0.7999430830253094;0.9465849301238454;0.4017388285283547;0.8492487993892204;0.1469286853879559;0.1389889109206367;0.04878540430467416;0.2199360422692713;0.21885758909683733;0.22105856748659664;0.7999430830253094;0.9465849301238454;1;1;1;1;1;3;3;3;3;3;False;LBFGSB;None;28.67559607161865
4919.423894660576;0.4017388285283547;0.8492487993892204;0.057183519261718524;0.2287340770468741;0.5;0.02141249548289645;0.018578276238773783;0.5;0.7999430830253094;0.9465849301238454;0.4017388285283547;0.8492487993892204;0.15401681781341892;0.13190077849517368;0.17188079811666537;0.23801577810749724;0.29388742664584006;0.0855060557849162;0.7999430830253094;0.9465849301238454;1;1;1;1;1;3;3;3;3;3;False;LBFGSB;None;28.67559607161865
4919.423894660576;0.4017388285283547;0.8492487993892204;0.057183519261718524;0.2287340770468741;0.5;0.02141249548289645;0.018578276238773783;0.5;0.7999430830253094;0.9465849301238454;0.4017388285283547;0.8492487993892204;0.06468212179315211;0.22123547451544048;0.16605531173442475;0.19865129277605106;0.03325088625241166;0.19585924765706456;0.7999430830253094;0.9465849301238454;1;1;1;1;1;3;3;3;3;3;False;LBFGSB;None;28.67559607161865
4919.423894660576;0.4017388285283547;0.8492487993892204;0.057183519261718524;0.2287340770468741;0.5;0.02141249548289645;0.018578276238773783;0.5;0.7999430830253094;0.9465849301238454;0.4017388285283547;0.8492487993892204;0.16969651160364868;0.11622108470494391;0.04176732092473979;0.1646832198208658;0.25263863722647795;0.11947445863401085;0.7999430830253094;0.9465849301238454;1;1;1;1;1;3;3;3;3;3;False;LBFGSB;None;28.67559607161865
4919.423894660576;0.4017388285283547;0.8492487993892204;0.057183519261718524;0.2287340770468741;0.5;0.02141249548289645;0.018578276238773783;0.5;0.7999430830253094;0.9465849301238454;0.4017388285283547;0.8492487993892204;0.1360641053301219;0.1498534909784707;0.18928983592996182;0.21699228485796704;0.16104082387469998;0.13136743315867933;0.7999430830253094;0.9465849301238454;1;1;1;1;1;3;3;3;3;3;False;LBFGSB;None;28.67559607161865
4919.423894660576;0.4017388285283547;0.8492487993892204;0.057183519261718524;0.2287340770468741;0.5;0.02141249548289645;0.018578276238773783;0.5;0.7999430830253094;0.9465849301238454;0.4017388285283547;0.8492487993892204;0.24922354389678789;0.036694052411804706;0.028474340504713244;0.012998662391104088;0.2259023597178958;0.039296912679592406;0.7999430830253094;0.9465849301238454;1;1;1;1;1;3;3;3;3;3;False;LBFGSB;None;28.67559607161865
4919.423894660576;0.4017388285283547;0.8492487993892204;0.057183519261718524;0.2287340770468741;0.5;0.02141249548289645;0.018578276238773783;0.5;0.7999430830253094;0.9465849301238454;0.4017388285283547;0.8492487993892204;0.1658849791477802;0.1200326171608124;0.23540510931224376;0.1026948778341226;0.1924102397284658;0.293599283665473;0.7999430830253094;0.9465849301238454;1;1;1;1;1;3;3;3;3;3;False;LBFGSB;None;28.67559607161865
